,country,state,district,block,rainfall_mm,year,ground_water_extraction_ham,ground_water_recharge_ham,stage_percent,category
1,INDIA,HARYANA,BHIWANI,BAWANI KHERA,136.48,2019,3746,"5,588.03",67.03614691,Safe
2,INDIA,HARYANA,BHIWANI,BAWANI KHERA,136.48,2020,3746,"5,588.03",67.03614691,Safe
3,INDIA,HARYANA,BHIWANI,BAWANI KHERA,136.48,2021,3746,"5,588.03",67.03614691,Safe
4,INDIA,HARYANA,BHIWANI,BAWANI KHERA,136.48,2022,3746,"5,588.03",67.03614691,Safe
5,INDIA,HARYANA,BHIWANI,BAWANI KHERA,136.48,2023,3746,"5,588.03",67.03614691,Safe
6,INDIA,HARYANA,BHIWANI,BAWANI KHERA,136.48,2024,3746,"5,588.03",67.03614691,Safe
7,INDIA,HARYANA,BHIWANI,BEHAL,327.09,2019,4467.6,"3,451.73",129.4307492,Over-Exploited
8,INDIA,HARYANA,BHIWANI,BEHAL,327.09,2020,4467.6,"3,451.73",129.4307492,Over-Exploited
9,INDIA,HARYANA,BHIWANI,BEHAL,327.09,2021,4467.6,"3,451.73",129.4307492,Over-Exploited
10,INDIA,HARYANA,BHIWANI,BEHAL,327.09,2022,4467.6,"3,451.73",129.4307492,Over-Exploited
11,INDIA,HARYANA,BHIWANI,BEHAL,327.09,2023,4467.6,"3,451.73",129.4307492,Over-Exploited
12,INDIA,HARYANA,BHIWANI,BEHAL,327.09,2024,4467.6,"3,451.73",129.4307492,Over-Exploited
13,INDIA,HARYANA,BHIWANI,BHIWANI,339.21,2019,8743,12813.52,68.2326168,Safe
14,INDIA,HARYANA,BHIWANI,BHIWANI,339.21,2020,8743,12813.52,68.2326168,Safe
15,INDIA,HARYANA,BHIWANI,BHIWANI,339.21,2021,8743,12813.52,68.2326168,Safe
16,INDIA,HARYANA,BHIWANI,BHIWANI,339.21,2022,8743,12813.52,68.2326168,Safe
17,INDIA,HARYANA,BHIWANI,BHIWANI,339.21,2023,8743,12813.52,68.2326168,Safe
18,INDIA,HARYANA,BHIWANI,BHIWANI,339.21,2024,8743,12813.52,68.2326168,Safe
19,INDIA,HARYANA,BHIWANI,KAIRU,227.68,2019,4080.5,6812.66,59.89584098,Safe
20,INDIA,HARYANA,BHIWANI,KAIRU,227.68,2020,4080.5,6812.66,59.89584098,Safe
21,INDIA,HARYANA,BHIWANI,KAIRU,227.68,2021,4080.5,6812.66,59.89584098,Safe
22,INDIA,HARYANA,BHIWANI,KAIRU,227.68,2022,4080.5,6812.66,59.89584098,Safe
23,INDIA,HARYANA,BHIWANI,KAIRU,227.68,2023,4080.5,6812.66,59.89584098,Safe
24,INDIA,HARYANA,BHIWANI,KAIRU,227.68,2024,4080.5,6812.66,59.89584098,Safe
25,INDIA,HARYANA,BHIWANI,LOHARU,422.66,2019,6530.5,11602.42,56.28567144,Safe
26,INDIA,HARYANA,BHIWANI,LOHARU,422.66,2020,6530.5,11602.42,56.28567144,Safe
27,INDIA,HARYANA,BHIWANI,LOHARU,422.66,2021,6530.5,11602.42,56.28567144,Safe
28,INDIA,HARYANA,BHIWANI,LOHARU,422.66,2022,6530.5,11602.42,56.28567144,Safe
29,INDIA,HARYANA,BHIWANI,LOHARU,422.66,2023,6530.5,11602.42,56.28567144,Safe
30,INDIA,HARYANA,BHIWANI,LOHARU,422.66,2024,6530.5,11602.42,56.28567144,Safe
31,INDIA,HARYANA,BHIWANI,SIWANI,195.07,2019,2803.2,5144.04,54.49413302,Safe
32,INDIA,HARYANA,BHIWANI,SIWANI,195.07,2020,2803.2,5144.04,54.49413302,Safe
33,INDIA,HARYANA,BHIWANI,SIWANI,195.07,2021,2803.2,5144.04,54.49413302,Safe
34,INDIA,HARYANA,BHIWANI,SIWANI,195.07,2022,2803.2,5144.04,54.49413302,Safe
35,INDIA,HARYANA,BHIWANI,SIWANI,195.07,2023,2803.2,5144.04,54.49413302,Safe
36,INDIA,HARYANA,BHIWANI,SIWANI,195.07,2024,2803.2,5144.04,54.49413302,Safe
37,INDIA,HARYANA,BHIWANI,TOSHAM,339.1,2019,11572.5,15641.7,73.98492491,Semi-Critical
38,INDIA,HARYANA,BHIWANI,TOSHAM,339.1,2020,11572.5,15641.7,73.98492491,Semi-Critical
39,INDIA,HARYANA,BHIWANI,TOSHAM,339.1,2021,11572.5,15641.7,73.98492491,Semi-Critical
40,INDIA,HARYANA,BHIWANI,TOSHAM,339.1,2022,11572.5,15641.7,73.98492491,Semi-Critical
41,INDIA,HARYANA,BHIWANI,TOSHAM,339.1,2023,11572.5,15641.7,73.98492491,Semi-Critical
42,INDIA,HARYANA,BHIWANI,TOSHAM,339.1,2024,11572.5,15641.7,73.98492491,Semi-Critical
43,INDIA,HARYANA,CHARKHI DADRI,BADHRA,343.99,2019,14604.51,18732.39,77.96394374,Semi-Critical
44,INDIA,HARYANA,CHARKHI DADRI,BADHRA,343.99,2020,14604.51,18732.39,77.96394374,Semi-Critical
45,INDIA,HARYANA,CHARKHI DADRI,BADHRA,343.99,2021,14604.51,18732.39,77.96394374,Semi-Critical
46,INDIA,HARYANA,CHARKHI DADRI,BADHRA,343.99,2022,14604.51,18732.39,77.96394374,Semi-Critical
47,INDIA,HARYANA,CHARKHI DADRI,BADHRA,343.99,2023,14604.51,18732.39,77.96394374,Semi-Critical
48,INDIA,HARYANA,CHARKHI DADRI,BADHRA,343.99,2024,14604.51,18732.39,77.96394374,Semi-Critical
49,INDIA,HARYANA,CHARKHI DADRI,BAUND,530.34,2019,1192.15,7556.23,15.77704755,Safe
50,INDIA,HARYANA,CHARKHI DADRI,BAUND,530.34,2020,1192.15,7556.23,15.77704755,Safe
51,INDIA,HARYANA,CHARKHI DADRI,BAUND,530.34,2021,1192.15,7556.23,15.77704755,Safe
52,INDIA,HARYANA,CHARKHI DADRI,BAUND,530.34,2022,1192.15,7556.23,15.77704755,Safe
53,INDIA,HARYANA,CHARKHI DADRI,BAUND,530.34,2023,1192.15,7556.23,15.77704755,Safe
54,INDIA,HARYANA,CHARKHI DADRI,BAUND,530.34,2024,1192.15,7556.23,15.77704755,Safe
55,INDIA,HARYANA,CHARKHI DADRI,CHARKHI DADRI,502.02,2019,2515.1,8539.34,29.45309591,Safe
56,INDIA,HARYANA,CHARKHI DADRI,CHARKHI DADRI,502.02,2020,2515.1,8539.34,29.45309591,Safe
57,INDIA,HARYANA,CHARKHI DADRI,CHARKHI DADRI,502.02,2021,2515.1,8539.34,29.45309591,Safe
58,INDIA,HARYANA,CHARKHI DADRI,CHARKHI DADRI,502.02,2022,2515.1,8539.34,29.45309591,Safe
59,INDIA,HARYANA,CHARKHI DADRI,CHARKHI DADRI,502.02,2023,2515.1,8539.34,29.45309591,Safe
60,INDIA,HARYANA,CHARKHI DADRI,CHARKHI DADRI,502.02,2024,2515.1,8539.34,29.45309591,Safe
61,INDIA,HARYANA,CHARKHI DADRI,JHOJHU,484.3,2019,5908.13,11719.73,50.41182689,Safe
62,INDIA,HARYANA,CHARKHI DADRI,JHOJHU,484.3,2020,5908.13,11719.73,50.41182689,Safe
63,INDIA,HARYANA,CHARKHI DADRI,JHOJHU,484.3,2021,5908.13,11719.73,50.41182689,Safe
64,INDIA,HARYANA,CHARKHI DADRI,JHOJHU,484.3,2022,5908.13,11719.73,50.41182689,Safe
65,INDIA,HARYANA,CHARKHI DADRI,JHOJHU,484.3,2023,5908.13,11719.73,50.41182689,Safe
66,INDIA,HARYANA,CHARKHI DADRI,JHOJHU,484.3,2024,5908.13,11719.73,50.41182689,Safe
67,INDIA,HARYANA,FARIDABAD,BALLABGARH,400.39,2019,5828,10632.68,54.8121452,Safe
68,INDIA,HARYANA,FARIDABAD,BALLABGARH,400.39,2020,5828,10632.68,54.8121452,Safe
69,INDIA,HARYANA,FARIDABAD,BALLABGARH,400.39,2021,5828,10632.68,54.8121452,Safe
70,INDIA,HARYANA,FARIDABAD,BALLABGARH,400.39,2022,5828,10632.68,54.8121452,Safe
71,INDIA,HARYANA,FARIDABAD,BALLABGARH,400.39,2023,5828,10632.68,54.8121452,Safe
72,INDIA,HARYANA,FARIDABAD,BALLABGARH,400.39,2024,5828,10632.68,54.8121452,Safe
73,INDIA,HARYANA,FARIDABAD,FARIDABAD,901.69,2019,9786.59,20606.87,47.49188014,Safe
74,INDIA,HARYANA,FARIDABAD,FARIDABAD,901.69,2020,9786.59,20606.87,47.49188014,Safe
75,INDIA,HARYANA,FARIDABAD,FARIDABAD,901.69,2021,9786.59,20606.87,47.49188014,Safe
76,INDIA,HARYANA,FARIDABAD,FARIDABAD,901.69,2022,9786.59,20606.87,47.49188014,Safe
77,INDIA,HARYANA,FARIDABAD,FARIDABAD,901.69,2023,9786.59,20606.87,47.49188014,Safe
78,INDIA,HARYANA,FARIDABAD,FARIDABAD,901.69,2024,9786.59,20606.87,47.49188014,Safe
79,INDIA,HARYANA,FARIDABAD,TIGAON,924.17,2019,3108.42,14198.46,21.89265596,Safe
80,INDIA,HARYANA,FARIDABAD,TIGAON,924.17,2020,3108.42,14198.46,21.89265596,Safe
81,INDIA,HARYANA,FARIDABAD,TIGAON,924.17,2021,3108.42,14198.46,21.89265596,Safe
82,INDIA,HARYANA,FARIDABAD,TIGAON,924.17,2022,3108.42,14198.46,21.89265596,Safe
83,INDIA,HARYANA,FARIDABAD,TIGAON,924.17,2023,3108.42,14198.46,21.89265596,Safe
84,INDIA,HARYANA,FARIDABAD,TIGAON,924.17,2024,3108.42,14198.46,21.89265596,Safe
85,INDIA,HARYANA,FATEHABAD,BHATTU KALAN,175.24,2019,4128.84,6231.72,66.25522328,Safe
86,INDIA,HARYANA,FATEHABAD,BHATTU KALAN,175.24,2020,4128.84,6231.72,66.25522328,Safe
87,INDIA,HARYANA,FATEHABAD,BHATTU KALAN,175.24,2021,4128.84,6231.72,66.25522328,Safe
88,INDIA,HARYANA,FATEHABAD,BHATTU KALAN,175.24,2022,4128.84,6231.72,66.25522328,Safe
89,INDIA,HARYANA,FATEHABAD,BHATTU KALAN,175.24,2023,4128.84,6231.72,66.25522328,Safe
90,INDIA,HARYANA,FATEHABAD,BHATTU KALAN,175.24,2024,4128.84,6231.72,66.25522328,Safe
91,INDIA,HARYANA,FATEHABAD,BHUNA,319.77,2019,6214.2,10051.44,61.82397746,Safe
92,INDIA,HARYANA,FATEHABAD,BHUNA,319.77,2020,6214.2,10051.44,61.82397746,Safe
93,INDIA,HARYANA,FATEHABAD,BHUNA,319.77,2021,6214.2,10051.44,61.82397746,Safe
94,INDIA,HARYANA,FATEHABAD,BHUNA,319.77,2022,6214.2,10051.44,61.82397746,Safe
95,INDIA,HARYANA,FATEHABAD,BHUNA,319.77,2023,6214.2,10051.44,61.82397746,Safe
96,INDIA,HARYANA,FATEHABAD,BHUNA,319.77,2024,6214.2,10051.44,61.82397746,Safe
97,INDIA,HARYANA,FATEHABAD,FATEHABAD,324,2019,11672.66,15560.66,75.01391329,Semi-Critical
98,INDIA,HARYANA,FATEHABAD,FATEHABAD,324,2020,11672.66,15560.66,75.01391329,Semi-Critical
99,INDIA,HARYANA,FATEHABAD,FATEHABAD,324,2021,11672.66,15560.66,75.01391329,Semi-Critical
100,INDIA,HARYANA,FATEHABAD,FATEHABAD,324,2022,11672.66,15560.66,75.01391329,Semi-Critical
101,INDIA,HARYANA,FATEHABAD,FATEHABAD,324,2023,11672.66,15560.66,75.01391329,Semi-Critical
102,INDIA,HARYANA,FATEHABAD,FATEHABAD,324,2024,11672.66,15560.66,75.01391329,Semi-Critical
103,INDIA,HARYANA,FATEHABAD,JAKHAL,341,2019,14484.82,18576.82,77.97254858,Semi-Critical
104,INDIA,HARYANA,FATEHABAD,JAKHAL,341,2020,14484.82,18576.82,77.97254858,Semi-Critical
105,INDIA,HARYANA,FATEHABAD,JAKHAL,341,2021,14484.82,18576.82,77.97254858,Semi-Critical
106,INDIA,HARYANA,FATEHABAD,JAKHAL,341,2022,14484.82,18576.82,77.97254858,Semi-Critical
107,INDIA,HARYANA,FATEHABAD,JAKHAL,341,2023,14484.82,18576.82,77.97254858,Semi-Critical
108,INDIA,HARYANA,FATEHABAD,JAKHAL,341,2024,14484.82,18576.82,77.97254858,Semi-Critical
109,INDIA,HARYANA,FATEHABAD,NAGPUR,324,2019,11713.73,15601.73,75.07968668,Semi-Critical
110,INDIA,HARYANA,FATEHABAD,NAGPUR,324,2020,11713.73,15601.73,75.07968668,Semi-Critical
111,INDIA,HARYANA,FATEHABAD,NAGPUR,324,2021,11713.73,15601.73,75.07968668,Semi-Critical
112,INDIA,HARYANA,FATEHABAD,NAGPUR,324,2022,11713.73,15601.73,75.07968668,Semi-Critical
113,INDIA,HARYANA,FATEHABAD,NAGPUR,324,2023,11713.73,15601.73,75.07968668,Semi-Critical
114,INDIA,HARYANA,FATEHABAD,NAGPUR,324,2024,11713.73,15601.73,75.07968668,Semi-Critical
115,INDIA,HARYANA,FATEHABAD,RATIA,213,2019,21572.39,24128.39,89.4066699,Semi-Critical
116,INDIA,HARYANA,FATEHABAD,RATIA,213,2020,21572.39,24128.39,89.4066699,Semi-Critical
117,INDIA,HARYANA,FATEHABAD,RATIA,213,2021,21572.39,24128.39,89.4066699,Semi-Critical
118,INDIA,HARYANA,FATEHABAD,RATIA,213,2022,21572.39,24128.39,89.4066699,Semi-Critical
119,INDIA,HARYANA,FATEHABAD,RATIA,213,2023,21572.39,24128.39,89.4066699,Semi-Critical
120,INDIA,HARYANA,FATEHABAD,RATIA,213,2024,21572.39,24128.39,89.4066699,Semi-Critical
121,INDIA,HARYANA,FATEHABAD,TOHANA,341,2019,21069.47,25161.47,83.73703921,Semi-Critical
122,INDIA,HARYANA,FATEHABAD,TOHANA,341,2020,21069.47,25161.47,83.73703921,Semi-Critical
123,INDIA,HARYANA,FATEHABAD,TOHANA,341,2021,21069.47,25161.47,83.73703921,Semi-Critical
124,INDIA,HARYANA,FATEHABAD,TOHANA,341,2022,21069.47,25161.47,83.73703921,Semi-Critical
125,INDIA,HARYANA,FATEHABAD,TOHANA,341,2023,21069.47,25161.47,83.73703921,Semi-Critical
126,INDIA,HARYANA,FATEHABAD,TOHANA,341,2024,21069.47,25161.47,83.73703921,Semi-Critical
127,INDIA,HARYANA,GURGAON,FARRUKH NAGAR,401.6,2019,6020.9,10840.1,55.54284555,Safe
128,INDIA,HARYANA,GURGAON,FARRUKH NAGAR,401.6,2020,6020.9,10840.1,55.54284555,Safe
129,INDIA,HARYANA,GURGAON,FARRUKH NAGAR,401.6,2021,6020.9,10840.1,55.54284555,Safe
130,INDIA,HARYANA,GURGAON,FARRUKH NAGAR,401.6,2022,6020.9,10840.1,55.54284555,Safe
131,INDIA,HARYANA,GURGAON,FARRUKH NAGAR,401.6,2023,6020.9,10840.1,55.54284555,Safe
132,INDIA,HARYANA,GURGAON,FARRUKH NAGAR,401.6,2024,6020.9,10840.1,55.54284555,Safe
133,INDIA,HARYANA,GURGAON,GURGAON,773.87,2019,19409.19,28695.63,67.63813863,Safe
134,INDIA,HARYANA,GURGAON,GURGAON,773.87,2020,19409.19,28695.63,67.63813863,Safe
135,INDIA,HARYANA,GURGAON,GURGAON,773.87,2021,19409.19,28695.63,67.63813863,Safe
136,INDIA,HARYANA,GURGAON,GURGAON,773.87,2022,19409.19,28695.63,67.63813863,Safe
137,INDIA,HARYANA,GURGAON,GURGAON,773.87,2023,19409.19,28695.63,67.63813863,Safe
138,INDIA,HARYANA,GURGAON,GURGAON,773.87,2024,19409.19,28695.63,67.63813863,Safe
139,INDIA,HARYANA,GURGAON,PATAUDI,508.4,2019,8329.43,14430.23,57.72208759,Safe
140,INDIA,HARYANA,GURGAON,PATAUDI,508.4,2020,8329.43,14430.23,57.72208759,Safe
141,INDIA,HARYANA,GURGAON,PATAUDI,508.4,2021,8329.43,14430.23,57.72208759,Safe
142,INDIA,HARYANA,GURGAON,PATAUDI,508.4,2022,8329.43,14430.23,57.72208759,Safe
143,INDIA,HARYANA,GURGAON,PATAUDI,508.4,2023,8329.43,14430.23,57.72208759,Safe
144,INDIA,HARYANA,GURGAON,PATAUDI,508.4,2024,8329.43,14430.23,57.72208759,Safe
145,INDIA,HARYANA,GURGAON,SOHNA,505.09,2019,7663.51,13724.59,55.83780645,Safe
146,INDIA,HARYANA,GURGAON,SOHNA,505.09,2020,7663.51,13724.59,55.83780645,Safe
147,INDIA,HARYANA,GURGAON,SOHNA,505.09,2021,7663.51,13724.59,55.83780645,Safe
148,INDIA,HARYANA,GURGAON,SOHNA,505.09,2022,7663.51,13724.59,55.83780645,Safe
149,INDIA,HARYANA,GURGAON,SOHNA,505.09,2023,7663.51,13724.59,55.83780645,Safe
150,INDIA,HARYANA,GURGAON,SOHNA,505.09,2024,7663.51,13724.59,55.83780645,Safe
151,INDIA,HARYANA,KAITHAL,DHAND,523.07,2019,10981.76,17258.6,63.6306537,Safe
152,INDIA,HARYANA,KAITHAL,DHAND,523.07,2020,10981.76,17258.6,63.6306537,Safe
153,INDIA,HARYANA,KAITHAL,DHAND,523.07,2021,10981.76,17258.6,63.6306537,Safe
154,INDIA,HARYANA,KAITHAL,DHAND,523.07,2022,10981.76,17258.6,63.6306537,Safe
155,INDIA,HARYANA,KAITHAL,DHAND,523.07,2023,10981.76,17258.6,63.6306537,Safe
156,INDIA,HARYANA,KAITHAL,DHAND,523.07,2024,10981.76,17258.6,63.6306537,Safe
157,INDIA,HARYANA,KAITHAL,GUHLA,518.31,2019,21719.4,27939.12,77.73831101,Semi-Critical
158,INDIA,HARYANA,KAITHAL,GUHLA,518.31,2020,21719.4,27939.12,77.73831101,Semi-Critical
159,INDIA,HARYANA,KAITHAL,GUHLA,518.31,2021,21719.4,27939.12,77.73831101,Semi-Critical
160,INDIA,HARYANA,KAITHAL,GUHLA,518.31,2022,21719.4,27939.12,77.73831101,Semi-Critical
161,INDIA,HARYANA,KAITHAL,GUHLA,518.31,2023,21719.4,27939.12,77.73831101,Semi-Critical
162,INDIA,HARYANA,KAITHAL,GUHLA,518.31,2024,21719.4,27939.12,77.73831101,Semi-Critical
163,INDIA,HARYANA,KAITHAL,KAITHAL,523.07,2019,29111.65,35388.49,82.26304654,Semi-Critical
164,INDIA,HARYANA,KAITHAL,KAITHAL,523.07,2020,29111.65,35388.49,82.26304654,Semi-Critical
165,INDIA,HARYANA,KAITHAL,KAITHAL,523.07,2021,29111.65,35388.49,82.26304654,Semi-Critical
166,INDIA,HARYANA,KAITHAL,KAITHAL,523.07,2022,29111.65,35388.49,82.26304654,Semi-Critical
167,INDIA,HARYANA,KAITHAL,KAITHAL,523.07,2023,29111.65,35388.49,82.26304654,Semi-Critical
168,INDIA,HARYANA,KAITHAL,KAITHAL,523.07,2024,29111.65,35388.49,82.26304654,Semi-Critical
169,INDIA,HARYANA,KAITHAL,KALAYAT,394.56,2019,16518.34,21253.06,77.72217271,Semi-Critical
170,INDIA,HARYANA,KAITHAL,KALAYAT,394.56,2020,16518.34,21253.06,77.72217271,Semi-Critical
171,INDIA,HARYANA,KAITHAL,KALAYAT,394.56,2021,16518.34,21253.06,77.72217271,Semi-Critical
172,INDIA,HARYANA,KAITHAL,KALAYAT,394.56,2022,16518.34,21253.06,77.72217271,Semi-Critical
173,INDIA,HARYANA,KAITHAL,KALAYAT,394.56,2023,16518.34,21253.06,77.72217271,Semi-Critical
174,INDIA,HARYANA,KAITHAL,KALAYAT,394.56,2024,16518.34,21253.06,77.72217271,Semi-Critical
175,INDIA,HARYANA,KAITHAL,PUNDRI,523.07,2019,12178.12,18454.96,65.98833051,Safe
176,INDIA,HARYANA,KAITHAL,PUNDRI,523.07,2020,12178.12,18454.96,65.98833051,Safe
177,INDIA,HARYANA,KAITHAL,PUNDRI,523.07,2021,12178.12,18454.96,65.98833051,Safe
178,INDIA,HARYANA,KAITHAL,PUNDRI,523.07,2022,12178.12,18454.96,65.98833051,Safe
179,INDIA,HARYANA,KAITHAL,PUNDRI,523.07,2023,12178.12,18454.96,65.98833051,Safe
180,INDIA,HARYANA,KAITHAL,PUNDRI,523.07,2024,12178.12,18454.96,65.98833051,Safe
181,INDIA,HARYANA,KAITHAL,RAJOUND,340.47,2019,10720.31,14805.95,72.40541809,Semi-Critical
182,INDIA,HARYANA,KAITHAL,RAJOUND,340.47,2020,10720.31,14805.95,72.40541809,Semi-Critical
183,INDIA,HARYANA,KAITHAL,RAJOUND,340.47,2021,10720.31,14805.95,72.40541809,Semi-Critical
184,INDIA,HARYANA,KAITHAL,RAJOUND,340.47,2022,10720.31,14805.95,72.40541809,Semi-Critical
185,INDIA,HARYANA,KAITHAL,RAJOUND,340.47,2023,10720.31,14805.95,72.40541809,Semi-Critical
186,INDIA,HARYANA,KAITHAL,RAJOUND,340.47,2024,10720.31,14805.95,72.40541809,Semi-Critical
187,INDIA,HARYANA,KAITHAL,SIWAN,518.31,2019,12429.74,18649.46,66.64932926,Safe
188,INDIA,HARYANA,KAITHAL,SIWAN,518.31,2020,12429.74,18649.46,66.64932926,Safe
189,INDIA,HARYANA,KAITHAL,SIWAN,518.31,2021,12429.74,18649.46,66.64932926,Safe
190,INDIA,HARYANA,KAITHAL,SIWAN,518.31,2022,12429.74,18649.46,66.64932926,Safe
191,INDIA,HARYANA,KAITHAL,SIWAN,518.31,2023,12429.74,18649.46,66.64932926,Safe
192,INDIA,HARYANA,KAITHAL,SIWAN,518.31,2024,12429.74,18649.46,66.64932926,Safe
193,INDIA,HARYANA,KURUKSHETRA,BABAIN,624.24,2019,8237.44,15728.32,52.37329861,Safe
194,INDIA,HARYANA,KURUKSHETRA,BABAIN,624.24,2020,8237.44,15728.32,52.37329861,Safe
195,INDIA,HARYANA,KURUKSHETRA,BABAIN,624.24,2021,8237.44,15728.32,52.37329861,Safe
196,INDIA,HARYANA,KURUKSHETRA,BABAIN,624.24,2022,8237.44,15728.32,52.37329861,Safe
197,INDIA,HARYANA,KURUKSHETRA,BABAIN,624.24,2023,8237.44,15728.32,52.37329861,Safe
198,INDIA,HARYANA,KURUKSHETRA,BABAIN,624.24,2024,8237.44,15728.32,52.37329861,Safe
199,INDIA,HARYANA,KURUKSHETRA,ISMAILABAD,624.24,2019,9348.84,16839.72,55.51660004,Safe
200,INDIA,HARYANA,KURUKSHETRA,ISMAILABAD,624.24,2020,9348.84,16839.72,55.51660004,Safe
201,INDIA,HARYANA,KURUKSHETRA,ISMAILABAD,624.24,2021,9348.84,16839.72,55.51660004,Safe
202,INDIA,HARYANA,KURUKSHETRA,ISMAILABAD,624.24,2022,9348.84,16839.72,55.51660004,Safe
203,INDIA,HARYANA,KURUKSHETRA,ISMAILABAD,624.24,2023,9348.84,16839.72,55.51660004,Safe
204,INDIA,HARYANA,KURUKSHETRA,ISMAILABAD,624.24,2024,9348.84,16839.72,55.51660004,Safe
205,INDIA,HARYANA,KURUKSHETRA,LADWA,624.24,2019,8966.73,16457.61,54.483792,Safe
206,INDIA,HARYANA,KURUKSHETRA,LADWA,624.24,2020,8966.73,16457.61,54.483792,Safe
207,INDIA,HARYANA,KURUKSHETRA,LADWA,624.24,2021,8966.73,16457.61,54.483792,Safe
208,INDIA,HARYANA,KURUKSHETRA,LADWA,624.24,2022,8966.73,16457.61,54.483792,Safe
209,INDIA,HARYANA,KURUKSHETRA,LADWA,624.24,2023,8966.73,16457.61,54.483792,Safe
210,INDIA,HARYANA,KURUKSHETRA,LADWA,624.24,2024,8966.73,16457.61,54.483792,Safe
211,INDIA,HARYANA,KURUKSHETRA,PEHOWA,624.24,2019,16814.06,24304.94,69.17959888,Safe
212,INDIA,HARYANA,KURUKSHETRA,PEHOWA,624.24,2020,16814.06,24304.94,69.17959888,Safe
213,INDIA,HARYANA,KURUKSHETRA,PEHOWA,624.24,2021,16814.06,24304.94,69.17959888,Safe
214,INDIA,HARYANA,KURUKSHETRA,PEHOWA,624.24,2022,16814.06,24304.94,69.17959888,Safe
215,INDIA,HARYANA,KURUKSHETRA,PEHOWA,624.24,2023,16814.06,24304.94,69.17959888,Safe
216,INDIA,HARYANA,KURUKSHETRA,PEHOWA,624.24,2024,16814.06,24304.94,69.17959888,Safe
217,INDIA,HARYANA,KURUKSHETRA,PIPLI,624.24,2019,9309.11,16799.99,55.41140203,Safe
218,INDIA,HARYANA,KURUKSHETRA,PIPLI,624.24,2020,9309.11,16799.99,55.41140203,Safe
219,INDIA,HARYANA,KURUKSHETRA,PIPLI,624.24,2021,9309.11,16799.99,55.41140203,Safe
220,INDIA,HARYANA,KURUKSHETRA,PIPLI,624.24,2022,9309.11,16799.99,55.41140203,Safe
221,INDIA,HARYANA,KURUKSHETRA,PIPLI,624.24,2023,9309.11,16799.99,55.41140203,Safe
222,INDIA,HARYANA,KURUKSHETRA,PIPLI,624.24,2024,9309.11,16799.99,55.41140203,Safe
223,INDIA,HARYANA,KURUKSHETRA,SHAHBAD,624.24,2019,13452.46,20943.34,64.23263911,Safe
224,INDIA,HARYANA,KURUKSHETRA,SHAHBAD,624.24,2020,13452.46,20943.34,64.23263911,Safe
225,INDIA,HARYANA,KURUKSHETRA,SHAHBAD,624.24,2021,13452.46,20943.34,64.23263911,Safe
226,INDIA,HARYANA,KURUKSHETRA,SHAHBAD,624.24,2022,13452.46,20943.34,64.23263911,Safe
227,INDIA,HARYANA,KURUKSHETRA,SHAHBAD,624.24,2023,13452.46,20943.34,64.23263911,Safe
228,INDIA,HARYANA,KURUKSHETRA,SHAHBAD,624.24,2024,13452.46,20943.34,64.23263911,Safe
229,INDIA,HARYANA,KURUKSHETRA,THANESAR,624.24,2019,20551.1,28041.98,73.2869077,Semi-Critical
230,INDIA,HARYANA,KURUKSHETRA,THANESAR,624.24,2020,20551.1,28041.98,73.2869077,Semi-Critical
231,INDIA,HARYANA,KURUKSHETRA,THANESAR,624.24,2021,20551.1,28041.98,73.2869077,Semi-Critical
232,INDIA,HARYANA,KURUKSHETRA,THANESAR,624.24,2022,20551.1,28041.98,73.2869077,Semi-Critical
233,INDIA,HARYANA,KURUKSHETRA,THANESAR,624.24,2023,20551.1,28041.98,73.2869077,Semi-Critical
234,INDIA,HARYANA,KURUKSHETRA,THANESAR,624.24,2024,20551.1,28041.98,73.2869077,Semi-Critical
235,INDIA,HARYANA,MAHENDRAGARH,ATELI NANGAL,493.87,2019,4040.68,9967.12,40.54009584,Safe
236,INDIA,HARYANA,MAHENDRAGARH,ATELI NANGAL,493.87,2020,4040.68,9967.12,40.54009584,Safe
237,INDIA,HARYANA,MAHENDRAGARH,ATELI NANGAL,493.87,2021,4040.68,9967.12,40.54009584,Safe
238,INDIA,HARYANA,MAHENDRAGARH,ATELI NANGAL,493.87,2022,4040.68,9967.12,40.54009584,Safe
239,INDIA,HARYANA,MAHENDRAGARH,ATELI NANGAL,493.87,2023,4040.68,9967.12,40.54009584,Safe
240,INDIA,HARYANA,MAHENDRAGARH,ATELI NANGAL,493.87,2024,4040.68,9967.12,40.54009584,Safe
241,INDIA,HARYANA,MAHENDRAGARH,KANINA,472.53,2019,10488.36,16158.72,64.90835908,Safe
242,INDIA,HARYANA,MAHENDRAGARH,KANINA,472.53,2020,10488.36,16158.72,64.90835908,Safe
243,INDIA,HARYANA,MAHENDRAGARH,KANINA,472.53,2021,10488.36,16158.72,64.90835908,Safe
244,INDIA,HARYANA,MAHENDRAGARH,KANINA,472.53,2022,10488.36,16158.72,64.90835908,Safe
245,INDIA,HARYANA,MAHENDRAGARH,KANINA,472.53,2023,10488.36,16158.72,64.90835908,Safe
246,INDIA,HARYANA,MAHENDRAGARH,KANINA,472.53,2024,10488.36,16158.72,64.90835908,Safe
247,INDIA,HARYANA,MAHENDRAGARH,MAHENDRAGARH,479,2019,4230.11,9978.11,42.39390025,Safe
248,INDIA,HARYANA,MAHENDRAGARH,MAHENDRAGARH,479,2020,4230.11,9978.11,42.39390025,Safe
249,INDIA,HARYANA,MAHENDRAGARH,MAHENDRAGARH,479,2021,4230.11,9978.11,42.39390025,Safe
250,INDIA,HARYANA,MAHENDRAGARH,MAHENDRAGARH,479,2022,4230.11,9978.11,42.39390025,Safe
251,INDIA,HARYANA,MAHENDRAGARH,MAHENDRAGARH,479,2023,4230.11,9978.11,42.39390025,Safe
252,INDIA,HARYANA,MAHENDRAGARH,MAHENDRAGARH,479,2024,4230.11,9978.11,42.39390025,Safe
253,INDIA,HARYANA,MAHENDRAGARH,NANGAL CHAUDHRY,516,2019,1741.5,7933.5,21.95121951,Safe
254,INDIA,HARYANA,MAHENDRAGARH,NANGAL CHAUDHRY,516,2020,1741.5,7933.5,21.95121951,Safe
255,INDIA,HARYANA,MAHENDRAGARH,NANGAL CHAUDHRY,516,2021,1741.5,7933.5,21.95121951,Safe
256,INDIA,HARYANA,MAHENDRAGARH,NANGAL CHAUDHRY,516,2022,1741.5,7933.5,21.95121951,Safe
257,INDIA,HARYANA,MAHENDRAGARH,NANGAL CHAUDHRY,516,2023,1741.5,7933.5,21.95121951,Safe
258,INDIA,HARYANA,MAHENDRAGARH,NANGAL CHAUDHRY,516,2024,1741.5,7933.5,21.95121951,Safe
259,INDIA,HARYANA,MAHENDRAGARH,NARNAUL,512,2019,1040.76,7184.76,14.48566132,Safe
260,INDIA,HARYANA,MAHENDRAGARH,NARNAUL,512,2020,1040.76,7184.76,14.48566132,Safe
261,INDIA,HARYANA,MAHENDRAGARH,NARNAUL,512,2021,1040.76,7184.76,14.48566132,Safe
262,INDIA,HARYANA,MAHENDRAGARH,NARNAUL,512,2022,1040.76,7184.76,14.48566132,Safe
263,INDIA,HARYANA,MAHENDRAGARH,NARNAUL,512,2023,1040.76,7184.76,14.48566132,Safe
264,INDIA,HARYANA,MAHENDRAGARH,NARNAUL,512,2024,1040.76,7184.76,14.48566132,Safe
265,INDIA,HARYANA,MAHENDRAGARH,NIZAMPUR,504.69,2019,337.86,6394.14,5.283900571,Safe
266,INDIA,HARYANA,MAHENDRAGARH,NIZAMPUR,504.69,2020,337.86,6394.14,5.283900571,Safe
267,INDIA,HARYANA,MAHENDRAGARH,NIZAMPUR,504.69,2021,337.86,6394.14,5.283900571,Safe
268,INDIA,HARYANA,MAHENDRAGARH,NIZAMPUR,504.69,2022,337.86,6394.14,5.283900571,Safe
269,INDIA,HARYANA,MAHENDRAGARH,NIZAMPUR,504.69,2023,337.86,6394.14,5.283900571,Safe
270,INDIA,HARYANA,MAHENDRAGARH,NIZAMPUR,504.69,2024,337.86,6394.14,5.283900571,Safe
271,INDIA,HARYANA,MAHENDRAGARH,SATNALI,452.92,2019,1622.28,7057.32,22.98719627,Safe
272,INDIA,HARYANA,MAHENDRAGARH,SATNALI,452.92,2020,1622.28,7057.32,22.98719627,Safe
273,INDIA,HARYANA,MAHENDRAGARH,SATNALI,452.92,2021,1622.28,7057.32,22.98719627,Safe
274,INDIA,HARYANA,MAHENDRAGARH,SATNALI,452.92,2022,1622.28,7057.32,22.98719627,Safe
275,INDIA,HARYANA,MAHENDRAGARH,SATNALI,452.92,2023,1622.28,7057.32,22.98719627,Safe
276,INDIA,HARYANA,MAHENDRAGARH,SATNALI,452.92,2024,1622.28,7057.32,22.98719627,Safe
277,INDIA,HARYANA,MAHENDRAGARH,SIHMA,567.67,2019,3769.7,10581.74,35.62457592,Safe
278,INDIA,HARYANA,MAHENDRAGARH,SIHMA,567.67,2020,3769.7,10581.74,35.62457592,Safe
279,INDIA,HARYANA,MAHENDRAGARH,SIHMA,567.67,2021,3769.7,10581.74,35.62457592,Safe
280,INDIA,HARYANA,MAHENDRAGARH,SIHMA,567.67,2022,3769.7,10581.74,35.62457592,Safe
281,INDIA,HARYANA,MAHENDRAGARH,SIHMA,567.67,2023,3769.7,10581.74,35.62457592,Safe
282,INDIA,HARYANA,MAHENDRAGARH,SIHMA,567.67,2024,3769.7,10581.74,35.62457592,Safe
283,INDIA,HARYANA,PALWAL,BADOLI,392.17,2019,6737.94,11443.98,58.87759328,Safe
284,INDIA,HARYANA,PALWAL,BADOLI,392.17,2020,6737.94,11443.98,58.87759328,Safe
285,INDIA,HARYANA,PALWAL,BADOLI,392.17,2021,6737.94,11443.98,58.87759328,Safe
286,INDIA,HARYANA,PALWAL,BADOLI,392.17,2022,6737.94,11443.98,58.87759328,Safe
287,INDIA,HARYANA,PALWAL,BADOLI,392.17,2023,6737.94,11443.98,58.87759328,Safe
288,INDIA,HARYANA,PALWAL,BADOLI,392.17,2024,6737.94,11443.98,58.87759328,Safe
289,INDIA,HARYANA,PALWAL,HASSANPUR,442.17,2019,5790.72,11096.76,52.1838807,Safe
290,INDIA,HARYANA,PALWAL,HASSANPUR,442.17,2020,5790.72,11096.76,52.1838807,Safe
291,INDIA,HARYANA,PALWAL,HASSANPUR,442.17,2021,5790.72,11096.76,52.1838807,Safe
292,INDIA,HARYANA,PALWAL,HASSANPUR,442.17,2022,5790.72,11096.76,52.1838807,Safe
293,INDIA,HARYANA,PALWAL,HASSANPUR,442.17,2023,5790.72,11096.76,52.1838807,Safe
294,INDIA,HARYANA,PALWAL,HASSANPUR,442.17,2024,5790.72,11096.76,52.1838807,Safe
295,INDIA,HARYANA,PALWAL,HATHIN,476.45,2019,4989.12,10706.52,46.59889488,Safe
296,INDIA,HARYANA,PALWAL,HATHIN,476.45,2020,4989.12,10706.52,46.59889488,Safe
297,INDIA,HARYANA,PALWAL,HATHIN,476.45,2021,4989.12,10706.52,46.59889488,Safe
298,INDIA,HARYANA,PALWAL,HATHIN,476.45,2022,4989.12,10706.52,46.59889488,Safe
299,INDIA,HARYANA,PALWAL,HATHIN,476.45,2023,4989.12,10706.52,46.59889488,Safe
300,INDIA,HARYANA,PALWAL,HATHIN,476.45,2024,4989.12,10706.52,46.59889488,Safe
301,INDIA,HARYANA,PALWAL,HODAL,454.07,2019,6488.75,11937.59,54.35561114,Safe
302,INDIA,HARYANA,PALWAL,HODAL,454.07,2020,6488.75,11937.59,54.35561114,Safe
303,INDIA,HARYANA,PALWAL,HODAL,454.07,2021,6488.75,11937.59,54.35561114,Safe
304,INDIA,HARYANA,PALWAL,HODAL,454.07,2022,6488.75,11937.59,54.35561114,Safe
305,INDIA,HARYANA,PALWAL,HODAL,454.07,2023,6488.75,11937.59,54.35561114,Safe
306,INDIA,HARYANA,PALWAL,HODAL,454.07,2024,6488.75,11937.59,54.35561114,Safe
307,INDIA,HARYANA,PALWAL,PALWAL,414.79,2019,6179.48,11156.96,55.38677202,Safe
308,INDIA,HARYANA,PALWAL,PALWAL,414.79,2020,6179.48,11156.96,55.38677202,Safe
309,INDIA,HARYANA,PALWAL,PALWAL,414.79,2021,6179.48,11156.96,55.38677202,Safe
310,INDIA,HARYANA,PALWAL,PALWAL,414.79,2022,6179.48,11156.96,55.38677202,Safe
311,INDIA,HARYANA,PALWAL,PALWAL,414.79,2023,6179.48,11156.96,55.38677202,Safe
312,INDIA,HARYANA,PALWAL,PALWAL,414.79,2024,6179.48,11156.96,55.38677202,Safe
313,INDIA,HARYANA,PALWAL,PRITHLA,545.79,2019,4264.76,10814.24,139.44,Over-Exploited
314,INDIA,HARYANA,PALWAL,PRITHLA,545.79,2020,4264.76,10814.24,139.44,Over-Exploited
315,INDIA,HARYANA,PALWAL,PRITHLA,545.79,2021,4264.76,10814.24,139.44,Over-Exploited
316,INDIA,HARYANA,PALWAL,PRITHLA,545.79,2022,4264.76,10814.24,139.44,Over-Exploited
317,INDIA,HARYANA,PALWAL,PRITHLA,545.79,2023,4264.76,10814.24,139.44,Over-Exploited
318,INDIA,HARYANA,PALWAL,PRITHLA,545.79,2024,4264.76,10814.24,139.44,Over-Exploited
319,INDIA,KARNATAKA,CHIKKABALLAPURA,BAGEPALLI,707.49,2019,8107.5,16597.38,48.8480712,Safe
320,INDIA,KARNATAKA,CHIKKABALLAPURA,BAGEPALLI,707.49,2020,8107.5,16597.38,48.8480712,Safe
321,INDIA,KARNATAKA,CHIKKABALLAPURA,BAGEPALLI,707.49,2021,8107.5,16597.38,48.8480712,Safe
322,INDIA,KARNATAKA,CHIKKABALLAPURA,BAGEPALLI,707.49,2022,8107.5,16597.38,48.8480712,Safe
323,INDIA,KARNATAKA,CHIKKABALLAPURA,BAGEPALLI,707.49,2023,8107.5,16597.38,48.8480712,Safe
324,INDIA,KARNATAKA,CHIKKABALLAPURA,BAGEPALLI,707.49,2024,8107.5,16597.38,48.8480712,Safe
325,INDIA,KARNATAKA,CHIKKABALLAPURA,CHIKBALLAPUR,747.16,2019,8004.35,16970.27,47.16689835,Safe
326,INDIA,KARNATAKA,CHIKKABALLAPURA,CHIKBALLAPUR,747.16,2020,8004.35,16970.27,47.16689835,Safe
327,INDIA,KARNATAKA,CHIKKABALLAPURA,CHIKBALLAPUR,747.16,2021,8004.35,16970.27,47.16689835,Safe
328,INDIA,KARNATAKA,CHIKKABALLAPURA,CHIKBALLAPUR,747.16,2022,8004.35,16970.27,47.16689835,Safe
329,INDIA,KARNATAKA,CHIKKABALLAPURA,CHIKBALLAPUR,747.16,2023,8004.35,16970.27,47.16689835,Safe
330,INDIA,KARNATAKA,CHIKKABALLAPURA,CHIKBALLAPUR,747.16,2024,8004.35,16970.27,47.16689835,Safe
331,INDIA,KARNATAKA,CHIKKABALLAPURA,CHINTAMANI,755.79,2019,14287.1,23356.58,61.16948629,Safe
332,INDIA,KARNATAKA,CHIKKABALLAPURA,CHINTAMANI,755.79,2020,14287.1,23356.58,61.16948629,Safe
333,INDIA,KARNATAKA,CHIKKABALLAPURA,CHINTAMANI,755.79,2021,14287.1,23356.58,61.16948629,Safe
334,INDIA,KARNATAKA,CHIKKABALLAPURA,CHINTAMANI,755.79,2022,14287.1,23356.58,61.16948629,Safe
335,INDIA,KARNATAKA,CHIKKABALLAPURA,CHINTAMANI,755.79,2023,14287.1,23356.58,61.16948629,Safe
336,INDIA,KARNATAKA,CHIKKABALLAPURA,CHINTAMANI,755.79,2024,14287.1,23356.58,61.16948629,Safe
337,INDIA,KARNATAKA,CHIKKABALLAPURA,GAURIBIDALUR,728.5,2019,13387.97,22129.97,60.49700926,Safe
338,INDIA,KARNATAKA,CHIKKABALLAPURA,GAURIBIDALUR,728.5,2020,13387.97,22129.97,60.49700926,Safe
339,INDIA,KARNATAKA,CHIKKABALLAPURA,GAURIBIDALUR,728.5,2021,13387.97,22129.97,60.49700926,Safe
340,INDIA,KARNATAKA,CHIKKABALLAPURA,GAURIBIDALUR,728.5,2022,13387.97,22129.97,60.49700926,Safe
341,INDIA,KARNATAKA,CHIKKABALLAPURA,GAURIBIDALUR,728.5,2023,13387.97,22129.97,60.49700926,Safe
342,INDIA,KARNATAKA,CHIKKABALLAPURA,GAURIBIDALUR,728.5,2024,13387.97,22129.97,60.49700926,Safe
343,INDIA,KARNATAKA,CHIKKABALLAPURA,GUDIBANDA,728.5,2019,727.38,9469.38,7.681389911,Safe
344,INDIA,KARNATAKA,CHIKKABALLAPURA,GUDIBANDA,728.5,2020,727.38,9469.38,7.681389911,Safe
345,INDIA,KARNATAKA,CHIKKABALLAPURA,GUDIBANDA,728.5,2021,727.38,9469.38,7.681389911,Safe
346,INDIA,KARNATAKA,CHIKKABALLAPURA,GUDIBANDA,728.5,2022,727.38,9469.38,7.681389911,Safe
347,INDIA,KARNATAKA,CHIKKABALLAPURA,GUDIBANDA,728.5,2023,727.38,9469.38,7.681389911,Safe
348,INDIA,KARNATAKA,CHIKKABALLAPURA,GUDIBANDA,728.5,2024,727.38,9469.38,7.681389911,Safe
349,INDIA,KARNATAKA,CHIKKABALLAPURA,SIDLAGHATA,757.27,2019,9344.68,18431.92,50.69835373,Safe
350,INDIA,KARNATAKA,CHIKKABALLAPURA,SIDLAGHATA,757.27,2020,9344.68,18431.92,50.69835373,Safe
351,INDIA,KARNATAKA,CHIKKABALLAPURA,SIDLAGHATA,757.27,2021,9344.68,18431.92,50.69835373,Safe
352,INDIA,KARNATAKA,CHIKKABALLAPURA,SIDLAGHATA,757.27,2022,9344.68,18431.92,50.69835373,Safe
353,INDIA,KARNATAKA,CHIKKABALLAPURA,SIDLAGHATA,757.27,2023,9344.68,18431.92,50.69835373,Safe
354,INDIA,KARNATAKA,CHIKKABALLAPURA,SIDLAGHATA,757.27,2024,9344.68,18431.92,50.69835373,Safe
355,INDIA,Karnataka,Bagalkot,BADAMI,579.1,2019,6877.8,13827,49.7418095,Safe
356,INDIA,Karnataka,Bagalkot,BADAMI,579.1,2020,6877.8,13827,49.7418095,Safe
357,INDIA,Karnataka,Bagalkot,BADAMI,579.1,2021,6877.8,13827,49.7418095,Safe
358,INDIA,Karnataka,Bagalkot,BADAMI,579.1,2022,6877.8,13827,49.7418095,Safe
359,INDIA,Karnataka,Bagalkot,BADAMI,579.1,2023,6877.8,13827,49.7418095,Safe
360,INDIA,Karnataka,Bagalkot,BADAMI,579.1,2024,6877.8,13827,49.7418095,Safe
361,INDIA,Karnataka,Bagalkot,BAGALKOTE,585.52,2019,12465.38,19491.62,63.95250882,Safe
362,INDIA,Karnataka,Bagalkot,BAGALKOTE,585.52,2020,12465.38,19491.62,63.95250882,Safe
363,INDIA,Karnataka,Bagalkot,BAGALKOTE,585.52,2021,12465.38,19491.62,63.95250882,Safe
364,INDIA,Karnataka,Bagalkot,BAGALKOTE,585.52,2022,12465.38,19491.62,63.95250882,Safe
365,INDIA,Karnataka,Bagalkot,BAGALKOTE,585.52,2023,12465.38,19491.62,63.95250882,Safe
366,INDIA,Karnataka,Bagalkot,BAGALKOTE,585.52,2024,12465.38,19491.62,63.95250882,Safe
367,INDIA,Karnataka,Bagalkot,BILGI,575.06,2019,1955.78,8856.5,22.08298989,Safe
368,INDIA,Karnataka,Bagalkot,BILGI,575.06,2020,1955.78,8856.5,22.08298989,Safe
369,INDIA,Karnataka,Bagalkot,BILGI,575.06,2021,1955.78,8856.5,22.08298989,Safe
370,INDIA,Karnataka,Bagalkot,BILGI,575.06,2022,1955.78,8856.5,22.08298989,Safe
371,INDIA,Karnataka,Bagalkot,BILGI,575.06,2023,1955.78,8856.5,22.08298989,Safe
372,INDIA,Karnataka,Bagalkot,BILGI,575.06,2024,1955.78,8856.5,22.08298989,Safe
373,INDIA,Karnataka,Bagalkot,Guledagudda,596.45,2019,2127.78,9285.18,22.91587239,Safe
374,INDIA,Karnataka,Bagalkot,Guledagudda,596.45,2020,2127.78,9285.18,22.91587239,Safe
375,INDIA,Karnataka,Bagalkot,Guledagudda,596.45,2021,2127.78,9285.18,22.91587239,Safe
376,INDIA,Karnataka,Bagalkot,Guledagudda,596.45,2022,2127.78,9285.18,22.91587239,Safe
377,INDIA,Karnataka,Bagalkot,Guledagudda,596.45,2023,2127.78,9285.18,22.91587239,Safe
378,INDIA,Karnataka,Bagalkot,Guledagudda,596.45,2024,2127.78,9285.18,22.91587239,Safe
379,INDIA,Karnataka,Bagalkot,HUNGUND,628.35,2019,4425.02,11965.22,36.98235386,Safe
380,INDIA,Karnataka,Bagalkot,HUNGUND,628.35,2020,4425.02,11965.22,36.98235386,Safe
381,INDIA,Karnataka,Bagalkot,HUNGUND,628.35,2021,4425.02,11965.22,36.98235386,Safe
382,INDIA,Karnataka,Bagalkot,HUNGUND,628.35,2022,4425.02,11965.22,36.98235386,Safe
383,INDIA,Karnataka,Bagalkot,HUNGUND,628.35,2023,4425.02,11965.22,36.98235386,Safe
384,INDIA,Karnataka,Bagalkot,HUNGUND,628.35,2024,4425.02,11965.22,36.98235386,Safe
385,INDIA,Karnataka,Bagalkot,Ilkal,625.71,2019,2671.08,10179.6,26.2395379,Safe
386,INDIA,Karnataka,Bagalkot,Ilkal,625.71,2020,2671.08,10179.6,26.2395379,Safe
387,INDIA,Karnataka,Bagalkot,Ilkal,625.71,2021,2671.08,10179.6,26.2395379,Safe
388,INDIA,Karnataka,Bagalkot,Ilkal,625.71,2022,2671.08,10179.6,26.2395379,Safe
389,INDIA,Karnataka,Bagalkot,Ilkal,625.71,2023,2671.08,10179.6,26.2395379,Safe
390,INDIA,Karnataka,Bagalkot,Ilkal,625.71,2024,2671.08,10179.6,26.2395379,Safe
391,INDIA,Karnataka,Bagalkot,JAMKHANDI,568.78,2019,2299.24,9124.6,25.19825527,Safe
392,INDIA,Karnataka,Bagalkot,JAMKHANDI,568.78,2020,2299.24,9124.6,25.19825527,Safe
393,INDIA,Karnataka,Bagalkot,JAMKHANDI,568.78,2021,2299.24,9124.6,25.19825527,Safe
394,INDIA,Karnataka,Bagalkot,JAMKHANDI,568.78,2022,2299.24,9124.6,25.19825527,Safe
395,INDIA,Karnataka,Bagalkot,JAMKHANDI,568.78,2023,2299.24,9124.6,25.19825527,Safe
396,INDIA,Karnataka,Bagalkot,JAMKHANDI,568.78,2024,2299.24,9124.6,25.19825527,Safe
397,INDIA,Karnataka,Bagalkot,MUDHOL,557.51,2019,6313.36,13003.48,48.55131088,Safe
398,INDIA,Karnataka,Bagalkot,MUDHOL,557.51,2020,6313.36,13003.48,48.55131088,Safe
399,INDIA,Karnataka,Bagalkot,MUDHOL,557.51,2021,6313.36,13003.48,48.55131088,Safe
400,INDIA,Karnataka,Bagalkot,MUDHOL,557.51,2022,6313.36,13003.48,48.55131088,Safe
401,INDIA,Karnataka,Bagalkot,MUDHOL,557.51,2023,6313.36,13003.48,48.55131088,Safe
402,INDIA,Karnataka,Bagalkot,MUDHOL,557.51,2024,6313.36,13003.48,48.55131088,Safe
403,INDIA,Karnataka,Bagalkot,Rabakavi Banahatti,523.5,2019,9050.35,15332.35,59.02780722,Safe
404,INDIA,Karnataka,Bagalkot,Rabakavi Banahatti,523.5,2020,9050.35,15332.35,59.02780722,Safe
405,INDIA,Karnataka,Bagalkot,Rabakavi Banahatti,523.5,2021,9050.35,15332.35,59.02780722,Safe
406,INDIA,Karnataka,Bagalkot,Rabakavi Banahatti,523.5,2022,9050.35,15332.35,59.02780722,Safe
407,INDIA,Karnataka,Bagalkot,Rabakavi Banahatti,523.5,2023,9050.35,15332.35,59.02780722,Safe
408,INDIA,Karnataka,Bagalkot,Rabakavi Banahatti,523.5,2024,9050.35,15332.35,59.02780722,Safe
409,INDIA,Karnataka,Belagavi,ATHANI,528.61,2019,4215.71,10559.03,39.92516358,Safe
410,INDIA,Karnataka,Belagavi,ATHANI,528.61,2020,4215.71,10559.03,39.92516358,Safe
411,INDIA,Karnataka,Belagavi,ATHANI,528.61,2021,4215.71,10559.03,39.92516358,Safe
412,INDIA,Karnataka,Belagavi,ATHANI,528.61,2022,4215.71,10559.03,39.92516358,Safe
413,INDIA,Karnataka,Belagavi,ATHANI,528.61,2023,4215.71,10559.03,39.92516358,Safe
414,INDIA,Karnataka,Belagavi,ATHANI,528.61,2024,4215.71,10559.03,39.92516358,Safe
415,INDIA,Karnataka,Belagavi,BAILAHONGAL,638.19,2019,5727.9,13386.18,42.78965321,Safe
416,INDIA,Karnataka,Belagavi,BAILAHONGAL,638.19,2020,5727.9,13386.18,42.78965321,Safe
417,INDIA,Karnataka,Belagavi,BAILAHONGAL,638.19,2021,5727.9,13386.18,42.78965321,Safe
418,INDIA,Karnataka,Belagavi,BAILAHONGAL,638.19,2022,5727.9,13386.18,42.78965321,Safe
419,INDIA,Karnataka,Belagavi,BAILAHONGAL,638.19,2023,5727.9,13386.18,42.78965321,Safe
420,INDIA,Karnataka,Belagavi,BAILAHONGAL,638.19,2024,5727.9,13386.18,42.78965321,Safe
421,INDIA,Karnataka,Belagavi,BELAGAVI,1070.75,2019,5013.95,17862.95,128.07,Over-Exploited
422,INDIA,Karnataka,Belagavi,BELAGAVI,1070.75,2020,5013.95,17862.95,128.07,Over-Exploited
423,INDIA,Karnataka,Belagavi,BELAGAVI,1070.75,2021,5013.95,17862.95,128.07,Over-Exploited
424,INDIA,Karnataka,Belagavi,BELAGAVI,1070.75,2022,5013.95,17862.95,128.07,Over-Exploited
425,INDIA,Karnataka,Belagavi,BELAGAVI,1070.75,2023,5013.95,17862.95,128.07,Over-Exploited
426,INDIA,Karnataka,Belagavi,BELAGAVI,1070.75,2024,5013.95,17862.95,128.07,Over-Exploited
427,INDIA,Karnataka,Belagavi,CHIKODI,599.16,2019,8560.39,15750.31,54.35061278,Safe
428,INDIA,Karnataka,Belagavi,CHIKODI,599.16,2020,8560.39,15750.31,54.35061278,Safe
429,INDIA,Karnataka,Belagavi,CHIKODI,599.16,2021,8560.39,15750.31,54.35061278,Safe
430,INDIA,Karnataka,Belagavi,CHIKODI,599.16,2022,8560.39,15750.31,54.35061278,Safe
431,INDIA,Karnataka,Belagavi,CHIKODI,599.16,2023,8560.39,15750.31,54.35061278,Safe
432,INDIA,Karnataka,Belagavi,CHIKODI,599.16,2024,8560.39,15750.31,54.35061278,Safe
433,INDIA,Karnataka,Belagavi,GOKAK,641.95,2019,4814.3,12517.7,38.45994072,Safe
434,INDIA,Karnataka,Belagavi,GOKAK,641.95,2020,4814.3,12517.7,38.45994072,Safe
435,INDIA,Karnataka,Belagavi,GOKAK,641.95,2021,4814.3,12517.7,38.45994072,Safe
436,INDIA,Karnataka,Belagavi,GOKAK,641.95,2022,4814.3,12517.7,38.45994072,Safe
437,INDIA,Karnataka,Belagavi,GOKAK,641.95,2023,4814.3,12517.7,38.45994072,Safe
438,INDIA,Karnataka,Belagavi,GOKAK,641.95,2024,4814.3,12517.7,38.45994072,Safe
439,INDIA,Karnataka,Belagavi,HUKKERI,707.29,2019,9185.24,17672.72,51.97411604,Safe
440,INDIA,Karnataka,Belagavi,HUKKERI,707.29,2020,9185.24,17672.72,51.97411604,Safe
441,INDIA,Karnataka,Belagavi,HUKKERI,707.29,2021,9185.24,17672.72,51.97411604,Safe
442,INDIA,Karnataka,Belagavi,HUKKERI,707.29,2022,9185.24,17672.72,51.97411604,Safe
443,INDIA,Karnataka,Belagavi,HUKKERI,707.29,2023,9185.24,17672.72,51.97411604,Safe
444,INDIA,Karnataka,Belagavi,HUKKERI,707.29,2024,9185.24,17672.72,51.97411604,Safe
445,INDIA,Karnataka,Belagavi,KHANAPUR,1633.83,2019,1448.52,21054.48,111.88,Over-Exploited
446,INDIA,Karnataka,Belagavi,KHANAPUR,1633.83,2020,1448.52,21054.48,111.88,Over-Exploited
447,INDIA,Karnataka,Belagavi,KHANAPUR,1633.83,2021,1448.52,21054.48,111.88,Over-Exploited
448,INDIA,Karnataka,Belagavi,KHANAPUR,1633.83,2022,1448.52,21054.48,111.88,Over-Exploited
449,INDIA,Karnataka,Belagavi,KHANAPUR,1633.83,2023,1448.52,21054.48,111.88,Over-Exploited
450,INDIA,Karnataka,Belagavi,KHANAPUR,1633.83,2024,1448.52,21054.48,111.88,Over-Exploited
451,INDIA,Karnataka,Belagavi,Kagavada,497.99,2019,1297.01,7272.89,17.83348848,Safe
452,INDIA,Karnataka,Belagavi,Kagavada,497.99,2020,1297.01,7272.89,17.83348848,Safe
453,INDIA,Karnataka,Belagavi,Kagavada,497.99,2021,1297.01,7272.89,17.83348848,Safe
454,INDIA,Karnataka,Belagavi,Kagavada,497.99,2022,1297.01,7272.89,17.83348848,Safe
455,INDIA,Karnataka,Belagavi,Kagavada,497.99,2023,1297.01,7272.89,17.83348848,Safe
456,INDIA,Karnataka,Belagavi,Kagavada,497.99,2024,1297.01,7272.89,17.83348848,Safe
457,INDIA,Karnataka,Belagavi,Kitthuru,1071.87,2019,1105.61,13968.05,7.915278081,Safe
458,INDIA,Karnataka,Belagavi,Kitthuru,1071.87,2020,1105.61,13968.05,7.915278081,Safe
459,INDIA,Karnataka,Belagavi,Kitthuru,1071.87,2021,1105.61,13968.05,7.915278081,Safe
460,INDIA,Karnataka,Belagavi,Kitthuru,1071.87,2022,1105.61,13968.05,7.915278081,Safe
461,INDIA,Karnataka,Belagavi,Kitthuru,1071.87,2023,1105.61,13968.05,7.915278081,Safe
462,INDIA,Karnataka,Belagavi,Kitthuru,1071.87,2024,1105.61,13968.05,7.915278081,Safe
463,INDIA,Karnataka,Bengaluru (Rural),DEVENHALLI,796.34,2019,6089.71,15645.79,38.92235547,Safe
464,INDIA,Karnataka,Bengaluru (Rural),DEVENHALLI,796.34,2020,6089.71,15645.79,38.92235547,Safe
465,INDIA,Karnataka,Bengaluru (Rural),DEVENHALLI,796.34,2021,6089.71,15645.79,38.92235547,Safe
466,INDIA,Karnataka,Bengaluru (Rural),DEVENHALLI,796.34,2022,6089.71,15645.79,38.92235547,Safe
467,INDIA,Karnataka,Bengaluru (Rural),DEVENHALLI,796.34,2023,6089.71,15645.79,38.92235547,Safe
468,INDIA,Karnataka,Bengaluru (Rural),DEVENHALLI,796.34,2024,6089.71,15645.79,38.92235547,Safe
469,INDIA,Karnataka,Bengaluru (Rural),DODABALLAPUR,811.12,2019,7912.52,17645.96,44.8404054,Safe
470,INDIA,Karnataka,Bengaluru (Rural),DODABALLAPUR,811.12,2020,7912.52,17645.96,44.8404054,Safe
471,INDIA,Karnataka,Bengaluru (Rural),DODABALLAPUR,811.12,2021,7912.52,17645.96,44.8404054,Safe
472,INDIA,Karnataka,Bengaluru (Rural),DODABALLAPUR,811.12,2022,7912.52,17645.96,44.8404054,Safe
473,INDIA,Karnataka,Bengaluru (Rural),DODABALLAPUR,811.12,2023,7912.52,17645.96,44.8404054,Safe
474,INDIA,Karnataka,Bengaluru (Rural),DODABALLAPUR,811.12,2024,7912.52,17645.96,44.8404054,Safe
475,INDIA,Karnataka,Bengaluru (Rural),HOSKOTE,815,2019,8129.66,17909.66,45.39259818,Safe
476,INDIA,Karnataka,Bengaluru (Rural),HOSKOTE,815,2020,8129.66,17909.66,45.39259818,Safe
477,INDIA,Karnataka,Bengaluru (Rural),HOSKOTE,815,2021,8129.66,17909.66,45.39259818,Safe
478,INDIA,Karnataka,Bengaluru (Rural),HOSKOTE,815,2022,8129.66,17909.66,45.39259818,Safe
479,INDIA,Karnataka,Bengaluru (Rural),HOSKOTE,815,2023,8129.66,17909.66,45.39259818,Safe
480,INDIA,Karnataka,Bengaluru (Rural),HOSKOTE,815,2024,8129.66,17909.66,45.39259818,Safe
481,INDIA,Karnataka,Bengaluru (Rural),NELAMANGALA,843.35,2019,3050.8,13171,23.16300964,Safe
482,INDIA,Karnataka,Bengaluru (Rural),NELAMANGALA,843.35,2020,3050.8,13171,23.16300964,Safe
483,INDIA,Karnataka,Bengaluru (Rural),NELAMANGALA,843.35,2021,3050.8,13171,23.16300964,Safe
484,INDIA,Karnataka,Bengaluru (Rural),NELAMANGALA,843.35,2022,3050.8,13171,23.16300964,Safe
485,INDIA,Karnataka,Bengaluru (Rural),NELAMANGALA,843.35,2023,3050.8,13171,23.16300964,Safe
486,INDIA,Karnataka,Bengaluru (Rural),NELAMANGALA,843.35,2024,3050.8,13171,23.16300964,Safe
487,INDIA,Karnataka,Chamarajanagara,CHAMRAJNAGARA,803.3,2019,11826.78,21466.38,55.09443139,Safe
488,INDIA,Karnataka,Chamarajanagara,CHAMRAJNAGARA,803.3,2020,11826.78,21466.38,55.09443139,Safe
489,INDIA,Karnataka,Chamarajanagara,CHAMRAJNAGARA,803.3,2021,11826.78,21466.38,55.09443139,Safe
490,INDIA,Karnataka,Chamarajanagara,CHAMRAJNAGARA,803.3,2022,11826.78,21466.38,55.09443139,Safe
491,INDIA,Karnataka,Chamarajanagara,CHAMRAJNAGARA,803.3,2023,11826.78,21466.38,55.09443139,Safe
492,INDIA,Karnataka,Chamarajanagara,CHAMRAJNAGARA,803.3,2024,11826.78,21466.38,55.09443139,Safe
493,INDIA,Karnataka,Chamarajanagara,GUNDLUPET,772.56,2019,8782.62,18053.34,48.64817258,Safe
494,INDIA,Karnataka,Chamarajanagara,GUNDLUPET,772.56,2020,8782.62,18053.34,48.64817258,Safe
495,INDIA,Karnataka,Chamarajanagara,GUNDLUPET,772.56,2021,8782.62,18053.34,48.64817258,Safe
496,INDIA,Karnataka,Chamarajanagara,GUNDLUPET,772.56,2022,8782.62,18053.34,48.64817258,Safe
497,INDIA,Karnataka,Chamarajanagara,GUNDLUPET,772.56,2023,8782.62,18053.34,48.64817258,Safe
498,INDIA,Karnataka,Chamarajanagara,GUNDLUPET,772.56,2024,8782.62,18053.34,48.64817258,Safe
499,INDIA,Karnataka,Chamarajanagara,KOLLEGAL,777.54,2019,3754.08,13084.56,28.69091509,Safe
500,INDIA,Karnataka,Chamarajanagara,KOLLEGAL,777.54,2020,3754.08,13084.56,28.69091509,Safe
501,INDIA,Karnataka,Chamarajanagara,KOLLEGAL,777.54,2021,3754.08,13084.56,28.69091509,Safe
502,INDIA,Karnataka,Chamarajanagara,KOLLEGAL,777.54,2022,3754.08,13084.56,28.69091509,Safe
503,INDIA,Karnataka,Chamarajanagara,KOLLEGAL,777.54,2023,3754.08,13084.56,28.69091509,Safe
504,INDIA,Karnataka,Chamarajanagara,KOLLEGAL,777.54,2024,3754.08,13084.56,28.69091509,Safe
505,INDIA,Karnataka,Chamarajanagara,Kollegala(Hanur),768.07,2019,6243,15459.84,40.38204794,Safe
506,INDIA,Karnataka,Chamarajanagara,Kollegala(Hanur),768.07,2020,6243,15459.84,40.38204794,Safe
507,INDIA,Karnataka,Chamarajanagara,Kollegala(Hanur),768.07,2021,6243,15459.84,40.38204794,Safe
508,INDIA,Karnataka,Chamarajanagara,Kollegala(Hanur),768.07,2022,6243,15459.84,40.38204794,Safe
509,INDIA,Karnataka,Chamarajanagara,Kollegala(Hanur),768.07,2023,6243,15459.84,40.38204794,Safe
510,INDIA,Karnataka,Chamarajanagara,Kollegala(Hanur),768.07,2024,6243,15459.84,40.38204794,Safe
511,INDIA,Karnataka,Chamarajanagara,YELANDUR,802.66,2019,2900.68,12532.6,23.14507764,Safe
512,INDIA,Karnataka,Chamarajanagara,YELANDUR,802.66,2020,2900.68,12532.6,23.14507764,Safe
513,INDIA,Karnataka,Chamarajanagara,YELANDUR,802.66,2021,2900.68,12532.6,23.14507764,Safe
514,INDIA,Karnataka,Chamarajanagara,YELANDUR,802.66,2022,2900.68,12532.6,23.14507764,Safe
515,INDIA,Karnataka,Chamarajanagara,YELANDUR,802.66,2023,2900.68,12532.6,23.14507764,Safe
516,INDIA,Karnataka,Chamarajanagara,YELANDUR,802.66,2024,2900.68,12532.6,23.14507764,Safe
517,India,Gujarat,BANASKANTHA,AMIRGADH,804,2019,3475.06,13123.06,26.4805617,Safe
518,India,Gujarat,BANASKANTHA,AMIRGADH,804,2020,3475.06,13123.06,26.4805617,Safe
519,India,Gujarat,BANASKANTHA,AMIRGADH,804,2021,3475.06,13123.06,26.4805617,Safe
520,India,Gujarat,BANASKANTHA,AMIRGADH,804,2022,3475.06,13123.06,26.4805617,Safe
521,India,Gujarat,BANASKANTHA,AMIRGADH,804,2023,3475.06,13123.06,26.4805617,Safe
522,India,Gujarat,BANASKANTHA,AMIRGADH,804,2024,3475.06,13123.06,26.4805617,Safe
523,India,Gujarat,BANASKANTHA,DANTA,844,2019,4684.17,14812.17,31.62379314,Safe
524,India,Gujarat,BANASKANTHA,DANTA,844,2020,4684.17,14812.17,31.62379314,Safe
525,India,Gujarat,BANASKANTHA,DANTA,844,2021,4684.17,14812.17,31.62379314,Safe
526,India,Gujarat,BANASKANTHA,DANTA,844,2022,4684.17,14812.17,31.62379314,Safe
527,India,Gujarat,BANASKANTHA,DANTA,844,2023,4684.17,14812.17,31.62379314,Safe
528,India,Gujarat,BANASKANTHA,DANTA,844,2024,4684.17,14812.17,31.62379314,Safe
529,India,Gujarat,BANASKANTHA,DANTIWADA,624,2019,8298.94,15786.94,52.56838881,Safe
530,India,Gujarat,BANASKANTHA,DANTIWADA,624,2020,8298.94,15786.94,52.56838881,Safe
531,India,Gujarat,BANASKANTHA,DANTIWADA,624,2021,8298.94,15786.94,52.56838881,Safe
532,India,Gujarat,BANASKANTHA,DANTIWADA,624,2022,8298.94,15786.94,52.56838881,Safe
533,India,Gujarat,BANASKANTHA,DANTIWADA,624,2023,8298.94,15786.94,52.56838881,Safe
534,India,Gujarat,BANASKANTHA,DANTIWADA,624,2024,8298.94,15786.94,52.56838881,Safe
535,India,Gujarat,BANASKANTHA,DEESA,673,2019,34397.91,42473.91,80.98597468,Semi-Critical
536,India,Gujarat,BANASKANTHA,DEESA,673,2020,34397.91,42473.91,80.98597468,Semi-Critical
537,India,Gujarat,BANASKANTHA,DEESA,673,2021,34397.91,42473.91,80.98597468,Semi-Critical
538,India,Gujarat,BANASKANTHA,DEESA,673,2022,34397.91,42473.91,80.98597468,Semi-Critical
539,India,Gujarat,BANASKANTHA,DEESA,673,2023,34397.91,42473.91,80.98597468,Semi-Critical
540,India,Gujarat,BANASKANTHA,DEESA,673,2024,34397.91,42473.91,80.98597468,Semi-Critical
541,India,Gujarat,BANASKANTHA,DEODAR,530,2019,8098.57,14458.57,56.01224741,Safe
542,India,Gujarat,BANASKANTHA,DEODAR,530,2020,8098.57,14458.57,56.01224741,Safe
543,India,Gujarat,BANASKANTHA,DEODAR,530,2021,8098.57,14458.57,56.01224741,Safe
544,India,Gujarat,BANASKANTHA,DEODAR,530,2022,8098.57,14458.57,56.01224741,Safe
545,India,Gujarat,BANASKANTHA,DEODAR,530,2023,8098.57,14458.57,56.01224741,Safe
546,India,Gujarat,BANASKANTHA,DEODAR,530,2024,8098.57,14458.57,56.01224741,Safe
547,India,Gujarat,BANASKANTHA,DHANERA,595,2019,25524.03,32664.03,78.14109282,Semi-Critical
548,India,Gujarat,BANASKANTHA,DHANERA,595,2020,25524.03,32664.03,78.14109282,Semi-Critical
549,India,Gujarat,BANASKANTHA,DHANERA,595,2021,25524.03,32664.03,78.14109282,Semi-Critical
550,India,Gujarat,BANASKANTHA,DHANERA,595,2022,25524.03,32664.03,78.14109282,Semi-Critical
551,India,Gujarat,BANASKANTHA,DHANERA,595,2023,25524.03,32664.03,78.14109282,Semi-Critical
552,India,Gujarat,BANASKANTHA,DHANERA,595,2024,25524.03,32664.03,78.14109282,Semi-Critical
553,India,Gujarat,BANASKANTHA,KANKREJ,511,2019,6989.96,13121.96,53.26917625,Safe
554,India,Gujarat,BANASKANTHA,KANKREJ,511,2020,6989.96,13121.96,53.26917625,Safe
555,India,Gujarat,BANASKANTHA,KANKREJ,511,2021,6989.96,13121.96,53.26917625,Safe
556,India,Gujarat,BANASKANTHA,KANKREJ,511,2022,6989.96,13121.96,53.26917625,Safe
557,India,Gujarat,BANASKANTHA,KANKREJ,511,2023,6989.96,13121.96,53.26917625,Safe
558,India,Gujarat,BANASKANTHA,KANKREJ,511,2024,6989.96,13121.96,53.26917625,Safe
559,India,Gujarat,BANASKANTHA,LAKHANI,619,2019,14442.81,21870.81,66.03692319,Safe
560,India,Gujarat,BANASKANTHA,LAKHANI,619,2020,14442.81,21870.81,66.03692319,Safe
561,India,Gujarat,BANASKANTHA,LAKHANI,619,2021,14442.81,21870.81,66.03692319,Safe
562,India,Gujarat,BANASKANTHA,LAKHANI,619,2022,14442.81,21870.81,66.03692319,Safe
563,India,Gujarat,BANASKANTHA,LAKHANI,619,2023,14442.81,21870.81,66.03692319,Safe
564,India,Gujarat,BANASKANTHA,LAKHANI,619,2024,14442.81,21870.81,66.03692319,Safe
565,India,Gujarat,BANASKANTHA,PALANPUR,772,2019,14360.4,23624.4,60.78630568,Safe
566,India,Gujarat,BANASKANTHA,PALANPUR,772,2020,14360.4,23624.4,60.78630568,Safe
567,India,Gujarat,BANASKANTHA,PALANPUR,772,2021,14360.4,23624.4,60.78630568,Safe
568,India,Gujarat,BANASKANTHA,PALANPUR,772,2022,14360.4,23624.4,60.78630568,Safe
569,India,Gujarat,BANASKANTHA,PALANPUR,772,2023,14360.4,23624.4,60.78630568,Safe
570,India,Gujarat,BANASKANTHA,PALANPUR,772,2024,14360.4,23624.4,60.78630568,Safe
571,India,Gujarat,BANASKANTHA,THARAD,448,2019,4827.46,10203.46,47.31199025,Safe
572,India,Gujarat,BANASKANTHA,THARAD,448,2020,4827.46,10203.46,47.31199025,Safe
573,India,Gujarat,BANASKANTHA,THARAD,448,2021,4827.46,10203.46,47.31199025,Safe
574,India,Gujarat,BANASKANTHA,THARAD,448,2022,4827.46,10203.46,47.31199025,Safe
575,India,Gujarat,BANASKANTHA,THARAD,448,2023,4827.46,10203.46,47.31199025,Safe
576,India,Gujarat,BANASKANTHA,THARAD,448,2024,4827.46,10203.46,47.31199025,Safe
577,India,Gujarat,BANASKANTHA,VADGAM,753,2019,8248.47,17284.47,47.72185667,Safe
578,India,Gujarat,BANASKANTHA,VADGAM,753,2020,8248.47,17284.47,47.72185667,Safe
579,India,Gujarat,BANASKANTHA,VADGAM,753,2021,8248.47,17284.47,47.72185667,Safe
580,India,Gujarat,BANASKANTHA,VADGAM,753,2022,8248.47,17284.47,47.72185667,Safe
581,India,Gujarat,BANASKANTHA,VADGAM,753,2023,8248.47,17284.47,47.72185667,Safe
582,India,Gujarat,BANASKANTHA,VADGAM,753,2024,8248.47,17284.47,47.72185667,Safe
583,India,Gujarat,GANDHINAGAR,DEHGAM,828,2019,24754.19,34690.19,71.35789686,Semi-Critical
584,India,Gujarat,GANDHINAGAR,DEHGAM,828,2020,24754.19,34690.19,71.35789686,Semi-Critical
585,India,Gujarat,GANDHINAGAR,DEHGAM,828,2021,24754.19,34690.19,71.35789686,Semi-Critical
586,India,Gujarat,GANDHINAGAR,DEHGAM,828,2022,24754.19,34690.19,71.35789686,Semi-Critical
587,India,Gujarat,GANDHINAGAR,DEHGAM,828,2023,24754.19,34690.19,71.35789686,Semi-Critical
588,India,Gujarat,GANDHINAGAR,DEHGAM,828,2024,24754.19,34690.19,71.35789686,Semi-Critical
589,India,Gujarat,GANDHINAGAR,GANDHINAGAR,709,2019,18262.69,26770.69,68.21897381,Safe
590,India,Gujarat,GANDHINAGAR,GANDHINAGAR,709,2020,18262.69,26770.69,68.21897381,Safe
591,India,Gujarat,GANDHINAGAR,GANDHINAGAR,709,2021,18262.69,26770.69,68.21897381,Safe
592,India,Gujarat,GANDHINAGAR,GANDHINAGAR,709,2022,18262.69,26770.69,68.21897381,Safe
593,India,Gujarat,GANDHINAGAR,GANDHINAGAR,709,2023,18262.69,26770.69,68.21897381,Safe
594,India,Gujarat,GANDHINAGAR,GANDHINAGAR,709,2024,18262.69,26770.69,68.21897381,Safe
595,India,Gujarat,GANDHINAGAR,KALOL,790,2019,7842.41,17322.41,45.2732039,Safe
596,India,Gujarat,GANDHINAGAR,KALOL,790,2020,7842.41,17322.41,45.2732039,Safe
597,India,Gujarat,GANDHINAGAR,KALOL,790,2021,7842.41,17322.41,45.2732039,Safe
598,India,Gujarat,GANDHINAGAR,KALOL,790,2022,7842.41,17322.41,45.2732039,Safe
599,India,Gujarat,GANDHINAGAR,KALOL,790,2023,7842.41,17322.41,45.2732039,Safe
600,India,Gujarat,GANDHINAGAR,KALOL,790,2024,7842.41,17322.41,45.2732039,Safe
601,India,Gujarat,GANDHINAGAR,MANSA,807,2019,7878.48,17562.48,44.85972368,Safe
602,India,Gujarat,GANDHINAGAR,MANSA,807,2020,7878.48,17562.48,44.85972368,Safe
603,India,Gujarat,GANDHINAGAR,MANSA,807,2021,7878.48,17562.48,44.85972368,Safe
604,India,Gujarat,GANDHINAGAR,MANSA,807,2022,7878.48,17562.48,44.85972368,Safe
605,India,Gujarat,GANDHINAGAR,MANSA,807,2023,7878.48,17562.48,44.85972368,Safe
606,India,Gujarat,GANDHINAGAR,MANSA,807,2024,7878.48,17562.48,44.85972368,Safe
607,India,Gujarat,KACHCHH,ABDASA,375,2019,1906.7,6406.7,29.76103142,Safe
608,India,Gujarat,KACHCHH,ABDASA,375,2020,1906.7,6406.7,29.76103142,Safe
609,India,Gujarat,KACHCHH,ABDASA,375,2021,1906.7,6406.7,29.76103142,Safe
610,India,Gujarat,KACHCHH,ABDASA,375,2022,1906.7,6406.7,29.76103142,Safe
611,India,Gujarat,KACHCHH,ABDASA,375,2023,1906.7,6406.7,29.76103142,Safe
612,India,Gujarat,KACHCHH,ABDASA,375,2024,1906.7,6406.7,29.76103142,Safe
613,India,Gujarat,KACHCHH,ANJAR,437,2019,5073.1,10317.1,49.17176338,Safe
614,India,Gujarat,KACHCHH,ANJAR,437,2020,5073.1,10317.1,49.17176338,Safe
615,India,Gujarat,KACHCHH,ANJAR,437,2021,5073.1,10317.1,49.17176338,Safe
616,India,Gujarat,KACHCHH,ANJAR,437,2022,5073.1,10317.1,49.17176338,Safe
617,India,Gujarat,KACHCHH,ANJAR,437,2023,5073.1,10317.1,49.17176338,Safe
618,India,Gujarat,KACHCHH,ANJAR,437,2024,5073.1,10317.1,49.17176338,Safe
619,India,Gujarat,KACHCHH,BHACHAU,444,2019,4882.9,10210.9,47.82046636,Safe
620,India,Gujarat,KACHCHH,BHACHAU,444,2020,4882.9,10210.9,47.82046636,Safe
621,India,Gujarat,KACHCHH,BHACHAU,444,2021,4882.9,10210.9,47.82046636,Safe
622,India,Gujarat,KACHCHH,BHACHAU,444,2022,4882.9,10210.9,47.82046636,Safe
623,India,Gujarat,KACHCHH,BHACHAU,444,2023,4882.9,10210.9,47.82046636,Safe
624,India,Gujarat,KACHCHH,BHACHAU,444,2024,4882.9,10210.9,47.82046636,Safe
625,India,Gujarat,KACHCHH,BHUJ,358,2019,22756.6,27052.6,84.11982582,Semi-Critical
626,India,Gujarat,KACHCHH,BHUJ,358,2020,22756.6,27052.6,84.11982582,Semi-Critical
627,India,Gujarat,KACHCHH,BHUJ,358,2021,22756.6,27052.6,84.11982582,Semi-Critical
628,India,Gujarat,KACHCHH,BHUJ,358,2022,22756.6,27052.6,84.11982582,Semi-Critical
629,India,Gujarat,KACHCHH,BHUJ,358,2023,22756.6,27052.6,84.11982582,Semi-Critical
630,India,Gujarat,KACHCHH,BHUJ,358,2024,22756.6,27052.6,84.11982582,Semi-Critical
631,India,Gujarat,KACHCHH,LAKHPAT,334,2019,58,4066,1.426463355,Safe
632,India,Gujarat,KACHCHH,LAKHPAT,334,2020,58,4066,1.426463355,Safe
633,India,Gujarat,KACHCHH,LAKHPAT,334,2021,58,4066,1.426463355,Safe
634,India,Gujarat,KACHCHH,LAKHPAT,334,2022,58,4066,1.426463355,Safe
635,India,Gujarat,KACHCHH,LAKHPAT,334,2023,58,4066,1.426463355,Safe
636,India,Gujarat,KACHCHH,LAKHPAT,334,2024,58,4066,1.426463355,Safe
637,India,Gujarat,KACHCHH,MANDVI,426,2019,9079.72,14191.72,63.9789962,Safe
638,India,Gujarat,KACHCHH,MANDVI,426,2020,9079.72,14191.72,63.9789962,Safe
639,India,Gujarat,KACHCHH,MANDVI,426,2021,9079.72,14191.72,63.9789962,Safe
640,India,Gujarat,KACHCHH,MANDVI,426,2022,9079.72,14191.72,63.9789962,Safe
641,India,Gujarat,KACHCHH,MANDVI,426,2023,9079.72,14191.72,63.9789962,Safe
642,India,Gujarat,KACHCHH,MANDVI,426,2024,9079.72,14191.72,63.9789962,Safe
643,India,Gujarat,KACHCHH,MUNDRA,470,2019,6089.33,11729.33,51.91541205,Safe
644,India,Gujarat,KACHCHH,MUNDRA,470,2020,6089.33,11729.33,51.91541205,Safe
645,India,Gujarat,KACHCHH,MUNDRA,470,2021,6089.33,11729.33,51.91541205,Safe
646,India,Gujarat,KACHCHH,MUNDRA,470,2022,6089.33,11729.33,51.91541205,Safe
647,India,Gujarat,KACHCHH,MUNDRA,470,2023,6089.33,11729.33,51.91541205,Safe
648,India,Gujarat,KACHCHH,MUNDRA,470,2024,6089.33,11729.33,51.91541205,Safe
649,India,Gujarat,KACHCHH,NAKHATRANA,409,2019,6322.05,11230.05,56.29583127,Safe
650,India,Gujarat,KACHCHH,NAKHATRANA,409,2020,6322.05,11230.05,56.29583127,Safe
651,India,Gujarat,KACHCHH,NAKHATRANA,409,2021,6322.05,11230.05,56.29583127,Safe
652,India,Gujarat,KACHCHH,NAKHATRANA,409,2022,6322.05,11230.05,56.29583127,Safe
653,India,Gujarat,KACHCHH,NAKHATRANA,409,2023,6322.05,11230.05,56.29583127,Safe
654,India,Gujarat,KACHCHH,NAKHATRANA,409,2024,6322.05,11230.05,56.29583127,Safe
655,India,Gujarat,MAHESANA,BECHARAJI,655.7,2019,3967.31,11835.71,33.51983109,Safe
656,India,Gujarat,MAHESANA,BECHARAJI,655.7,2020,3967.31,11835.71,33.51983109,Safe
657,India,Gujarat,MAHESANA,BECHARAJI,655.7,2021,3967.31,11835.71,33.51983109,Safe
658,India,Gujarat,MAHESANA,BECHARAJI,655.7,2022,3967.31,11835.71,33.51983109,Safe
659,India,Gujarat,MAHESANA,BECHARAJI,655.7,2023,3967.31,11835.71,33.51983109,Safe
660,India,Gujarat,MAHESANA,BECHARAJI,655.7,2024,3967.31,11835.71,33.51983109,Safe
661,India,Gujarat,MAHESANA,JOTANA,750.34,2019,4570.71,13574.79,33.67057612,Safe
662,India,Gujarat,MAHESANA,JOTANA,750.34,2020,4570.71,13574.79,33.67057612,Safe
663,India,Gujarat,MAHESANA,JOTANA,750.34,2021,4570.71,13574.79,33.67057612,Safe
664,India,Gujarat,MAHESANA,JOTANA,750.34,2022,4570.71,13574.79,33.67057612,Safe
665,India,Gujarat,MAHESANA,JOTANA,750.34,2023,4570.71,13574.79,33.67057612,Safe
666,India,Gujarat,MAHESANA,JOTANA,750.34,2024,4570.71,13574.79,33.67057612,Safe
667,India,Gujarat,MAHESANA,KADI,811.3,2019,14175.02,23910.62,59.28336446,Safe
668,India,Gujarat,MAHESANA,KADI,811.3,2020,14175.02,23910.62,59.28336446,Safe
669,India,Gujarat,MAHESANA,KADI,811.3,2021,14175.02,23910.62,59.28336446,Safe
670,India,Gujarat,MAHESANA,KADI,811.3,2022,14175.02,23910.62,59.28336446,Safe
671,India,Gujarat,MAHESANA,KADI,811.3,2023,14175.02,23910.62,59.28336446,Safe
672,India,Gujarat,MAHESANA,KADI,811.3,2024,14175.02,23910.62,59.28336446,Safe
673,India,Gujarat,MAHESANA,KHERALU,690.71,2019,12547.6,20836.12,60.22042492,Safe
674,India,Gujarat,MAHESANA,KHERALU,690.71,2020,12547.6,20836.12,60.22042492,Safe
675,India,Gujarat,MAHESANA,KHERALU,690.71,2021,12547.6,20836.12,60.22042492,Safe
676,India,Gujarat,MAHESANA,KHERALU,690.71,2022,12547.6,20836.12,60.22042492,Safe
677,India,Gujarat,MAHESANA,KHERALU,690.71,2023,12547.6,20836.12,60.22042492,Safe
678,India,Gujarat,MAHESANA,KHERALU,690.71,2024,12547.6,20836.12,60.22042492,Safe
679,India,Gujarat,MAHESANA,MAHESANA,769.21,2019,20224.47,29454.99,68.66228778,Safe
680,India,Gujarat,MAHESANA,MAHESANA,769.21,2020,20224.47,29454.99,68.66228778,Safe
681,India,Gujarat,MAHESANA,MAHESANA,769.21,2021,20224.47,29454.99,68.66228778,Safe
682,India,Gujarat,MAHESANA,MAHESANA,769.21,2022,20224.47,29454.99,68.66228778,Safe
683,India,Gujarat,MAHESANA,MAHESANA,769.21,2023,20224.47,29454.99,68.66228778,Safe
684,India,Gujarat,MAHESANA,MAHESANA,769.21,2024,20224.47,29454.99,68.66228778,Safe
685,India,Gujarat,MAHESANA,SATLASANA,761.94,2019,9191.68,18334.96,50.13198829,Safe
686,India,Gujarat,MAHESANA,SATLASANA,761.94,2020,9191.68,18334.96,50.13198829,Safe
687,India,Gujarat,MAHESANA,SATLASANA,761.94,2021,9191.68,18334.96,50.13198829,Safe
688,India,Gujarat,MAHESANA,SATLASANA,761.94,2022,9191.68,18334.96,50.13198829,Safe
689,India,Gujarat,MAHESANA,SATLASANA,761.94,2023,9191.68,18334.96,50.13198829,Safe
690,India,Gujarat,MAHESANA,SATLASANA,761.94,2024,9191.68,18334.96,50.13198829,Safe
691,India,Gujarat,MAHESANA,UNJHA,735.1,2019,5697.1,14518.3,39.24082021,Safe
692,India,Gujarat,MAHESANA,UNJHA,735.1,2020,5697.1,14518.3,39.24082021,Safe
693,India,Gujarat,MAHESANA,UNJHA,735.1,2021,5697.1,14518.3,39.24082021,Safe
694,India,Gujarat,MAHESANA,UNJHA,735.1,2022,5697.1,14518.3,39.24082021,Safe
695,India,Gujarat,MAHESANA,UNJHA,735.1,2023,5697.1,14518.3,39.24082021,Safe
696,India,Gujarat,MAHESANA,UNJHA,735.1,2024,5697.1,14518.3,39.24082021,Safe
697,India,Gujarat,MAHESANA,VADNAGAR,657.91,2019,8760.38,16655.3,52.59815194,Safe
698,India,Gujarat,MAHESANA,VADNAGAR,657.91,2020,8760.38,16655.3,52.59815194,Safe
699,India,Gujarat,MAHESANA,VADNAGAR,657.91,2021,8760.38,16655.3,52.59815194,Safe
700,India,Gujarat,MAHESANA,VADNAGAR,657.91,2022,8760.38,16655.3,52.59815194,Safe
701,India,Gujarat,MAHESANA,VADNAGAR,657.91,2023,8760.38,16655.3,52.59815194,Safe
702,India,Gujarat,MAHESANA,VADNAGAR,657.91,2024,8760.38,16655.3,52.59815194,Safe
703,India,Gujarat,MAHESANA,VIJAPUR,815.53,2019,14478.69,24265.05,59.66890651,Safe
704,India,Gujarat,MAHESANA,VIJAPUR,815.53,2020,14478.69,24265.05,59.66890651,Safe
705,India,Gujarat,MAHESANA,VIJAPUR,815.53,2021,14478.69,24265.05,59.66890651,Safe
706,India,Gujarat,MAHESANA,VIJAPUR,815.53,2022,14478.69,24265.05,59.66890651,Safe
707,India,Gujarat,MAHESANA,VIJAPUR,815.53,2023,14478.69,24265.05,59.66890651,Safe
708,India,Gujarat,MAHESANA,VIJAPUR,815.53,2024,14478.69,24265.05,59.66890651,Safe
709,India,Gujarat,MAHESANA,VISNAGAR,679,2019,10472.82,18620.82,56.24252852,Safe
710,India,Gujarat,MAHESANA,VISNAGAR,679,2020,10472.82,18620.82,56.24252852,Safe
711,India,Gujarat,MAHESANA,VISNAGAR,679,2021,10472.82,18620.82,56.24252852,Safe
712,India,Gujarat,MAHESANA,VISNAGAR,679,2022,10472.82,18620.82,56.24252852,Safe
713,India,Gujarat,MAHESANA,VISNAGAR,679,2023,10472.82,18620.82,56.24252852,Safe
714,India,Gujarat,MAHESANA,VISNAGAR,679,2024,10472.82,18620.82,56.24252852,Safe
715,India,Gujarat,PATAN,CHANASMA,510,2019,757.47,6877.47,11.0137885,Safe
716,India,Gujarat,PATAN,CHANASMA,510,2020,757.47,6877.47,11.0137885,Safe
717,India,Gujarat,PATAN,CHANASMA,510,2021,757.47,6877.47,11.0137885,Safe
718,India,Gujarat,PATAN,CHANASMA,510,2022,757.47,6877.47,11.0137885,Safe
719,India,Gujarat,PATAN,CHANASMA,510,2023,757.47,6877.47,11.0137885,Safe
720,India,Gujarat,PATAN,CHANASMA,510,2024,757.47,6877.47,11.0137885,Safe
721,India,Gujarat,PATAN,PATAN,680,2019,7865.63,16025.63,49.08156497,Safe
722,India,Gujarat,PATAN,PATAN,680,2020,7865.63,16025.63,49.08156497,Safe
723,India,Gujarat,PATAN,PATAN,680,2021,7865.63,16025.63,49.08156497,Safe
724,India,Gujarat,PATAN,PATAN,680,2022,7865.63,16025.63,49.08156497,Safe
725,India,Gujarat,PATAN,PATAN,680,2023,7865.63,16025.63,49.08156497,Safe
726,India,Gujarat,PATAN,PATAN,680,2024,7865.63,16025.63,49.08156497,Safe
727,India,Gujarat,PATAN,SARSVATI(PATAN),677,2019,18913.49,27037.49,69.95283216,Safe
728,India,Gujarat,PATAN,SARSVATI(PATAN),677,2020,18913.49,27037.49,69.95283216,Safe
729,India,Gujarat,PATAN,SARSVATI(PATAN),677,2021,18913.49,27037.49,69.95283216,Safe
730,India,Gujarat,PATAN,SARSVATI(PATAN),677,2022,18913.49,27037.49,69.95283216,Safe
731,India,Gujarat,PATAN,SARSVATI(PATAN),677,2023,18913.49,27037.49,69.95283216,Safe
732,India,Gujarat,PATAN,SARSVATI(PATAN),677,2024,18913.49,27037.49,69.95283216,Safe
733,India,Gujarat,PATAN,SIDHPUR,749,2019,12727.82,21715.82,58.61081921,Safe
734,India,Gujarat,PATAN,SIDHPUR,749,2020,12727.82,21715.82,58.61081921,Safe
735,India,Gujarat,PATAN,SIDHPUR,749,2021,12727.82,21715.82,58.61081921,Safe
736,India,Gujarat,PATAN,SIDHPUR,749,2022,12727.82,21715.82,58.61081921,Safe
737,India,Gujarat,PATAN,SIDHPUR,749,2023,12727.82,21715.82,58.61081921,Safe
738,India,Gujarat,PATAN,SIDHPUR,749,2024,12727.82,21715.82,58.61081921,Safe
739,India,Gujarat,SABARKANTHA,HIMATNAGAR,851,2019,10776.86,20988.86,51.34561858,Safe
740,India,Gujarat,SABARKANTHA,HIMATNAGAR,851,2020,10776.86,20988.86,51.34561858,Safe
741,India,Gujarat,SABARKANTHA,HIMATNAGAR,851,2021,10776.86,20988.86,51.34561858,Safe
742,India,Gujarat,SABARKANTHA,HIMATNAGAR,851,2022,10776.86,20988.86,51.34561858,Safe
743,India,Gujarat,SABARKANTHA,HIMATNAGAR,851,2023,10776.86,20988.86,51.34561858,Safe
744,India,Gujarat,SABARKANTHA,HIMATNAGAR,851,2024,10776.86,20988.86,51.34561858,Safe
745,India,Gujarat,SABARKANTHA,IDAR,971,2019,10860.39,22512.39,48.24183483,Safe
746,India,Gujarat,SABARKANTHA,IDAR,971,2020,10860.39,22512.39,48.24183483,Safe
747,India,Gujarat,SABARKANTHA,IDAR,971,2021,10860.39,22512.39,48.24183483,Safe
748,India,Gujarat,SABARKANTHA,IDAR,971,2022,10860.39,22512.39,48.24183483,Safe
749,India,Gujarat,SABARKANTHA,IDAR,971,2023,10860.39,22512.39,48.24183483,Safe
750,India,Gujarat,SABARKANTHA,IDAR,971,2024,10860.39,22512.39,48.24183483,Safe
751,India,Gujarat,SABARKANTHA,KHEDBRAHMA,841,2019,3590.62,13682.62,26.2421963,Safe
752,India,Gujarat,SABARKANTHA,KHEDBRAHMA,841,2020,3590.62,13682.62,26.2421963,Safe
753,India,Gujarat,SABARKANTHA,KHEDBRAHMA,841,2021,3590.62,13682.62,26.2421963,Safe
754,India,Gujarat,SABARKANTHA,KHEDBRAHMA,841,2022,3590.62,13682.62,26.2421963,Safe
755,India,Gujarat,SABARKANTHA,KHEDBRAHMA,841,2023,3590.62,13682.62,26.2421963,Safe
756,India,Gujarat,SABARKANTHA,KHEDBRAHMA,841,2024,3590.62,13682.62,26.2421963,Safe
757,India,Gujarat,SABARKANTHA,POSHINA,836,2019,1738.7,11770.7,14.77142396,Safe
758,India,Gujarat,SABARKANTHA,POSHINA,836,2020,1738.7,11770.7,14.77142396,Safe
759,India,Gujarat,SABARKANTHA,POSHINA,836,2021,1738.7,11770.7,14.77142396,Safe
760,India,Gujarat,SABARKANTHA,POSHINA,836,2022,1738.7,11770.7,14.77142396,Safe
761,India,Gujarat,SABARKANTHA,POSHINA,836,2023,1738.7,11770.7,14.77142396,Safe
762,India,Gujarat,SABARKANTHA,POSHINA,836,2024,1738.7,11770.7,14.77142396,Safe
763,India,Gujarat,SABARKANTHA,PRANTIJ,825,2019,8694.3,18594.3,46.75787741,Safe
764,India,Gujarat,SABARKANTHA,PRANTIJ,825,2020,8694.3,18594.3,46.75787741,Safe
765,India,Gujarat,SABARKANTHA,PRANTIJ,825,2021,8694.3,18594.3,46.75787741,Safe
766,India,Gujarat,SABARKANTHA,PRANTIJ,825,2022,8694.3,18594.3,46.75787741,Safe
767,India,Gujarat,SABARKANTHA,PRANTIJ,825,2023,8694.3,18594.3,46.75787741,Safe
768,India,Gujarat,SABARKANTHA,PRANTIJ,825,2024,8694.3,18594.3,46.75787741,Safe
769,India,Gujarat,SABARKANTHA,TALOD,796,2019,5572.9,15124.9,36.84586344,Safe
770,India,Gujarat,SABARKANTHA,TALOD,796,2020,5572.9,15124.9,36.84586344,Safe
771,India,Gujarat,SABARKANTHA,TALOD,796,2021,5572.9,15124.9,36.84586344,Safe
772,India,Gujarat,SABARKANTHA,TALOD,796,2022,5572.9,15124.9,36.84586344,Safe
773,India,Gujarat,SABARKANTHA,TALOD,796,2023,5572.9,15124.9,36.84586344,Safe
774,India,Gujarat,SABARKANTHA,TALOD,796,2024,5572.9,15124.9,36.84586344,Safe
775,India,Gujarat,SABARKANTHA,VADALI,875,2019,5168.2,15668.2,32.98528229,Safe
776,India,Gujarat,SABARKANTHA,VADALI,875,2020,5168.2,15668.2,32.98528229,Safe
777,India,Gujarat,SABARKANTHA,VADALI,875,2021,5168.2,15668.2,32.98528229,Safe
778,India,Gujarat,SABARKANTHA,VADALI,875,2022,5168.2,15668.2,32.98528229,Safe
779,India,Gujarat,SABARKANTHA,VADALI,875,2023,5168.2,15668.2,32.98528229,Safe
780,India,Gujarat,SABARKANTHA,VADALI,875,2024,5168.2,15668.2,32.98528229,Safe
781,India,Gujarat,SABARKANTHA,VIJAYNAGAR,845,2019,4510.95,14650.95,30.78947099,Safe
782,India,Gujarat,SABARKANTHA,VIJAYNAGAR,845,2020,4510.95,14650.95,30.78947099,Safe
783,India,Gujarat,SABARKANTHA,VIJAYNAGAR,845,2021,4510.95,14650.95,30.78947099,Safe
784,India,Gujarat,SABARKANTHA,VIJAYNAGAR,845,2022,4510.95,14650.95,30.78947099,Safe
785,India,Gujarat,SABARKANTHA,VIJAYNAGAR,845,2023,4510.95,14650.95,30.78947099,Safe
786,India,Gujarat,SABARKANTHA,VIJAYNAGAR,845,2024,4510.95,14650.95,30.78947099,Safe
787,India,Madhya Pradesh,Chhatarpur,BADAMALHARA,1092.7,2019,7327.3,20439.7,35.84837351,Safe
788,India,Madhya Pradesh,Chhatarpur,BADAMALHARA,1092.7,2020,7327.3,20439.7,35.84837351,Safe
789,India,Madhya Pradesh,Chhatarpur,BADAMALHARA,1092.7,2021,7327.3,20439.7,35.84837351,Safe
790,India,Madhya Pradesh,Chhatarpur,BADAMALHARA,1092.7,2022,7327.3,20439.7,35.84837351,Safe
791,India,Madhya Pradesh,Chhatarpur,BADAMALHARA,1092.7,2023,7327.3,20439.7,35.84837351,Safe
792,India,Madhya Pradesh,Chhatarpur,BADAMALHARA,1092.7,2024,7327.3,20439.7,35.84837351,Safe
793,India,Madhya Pradesh,Chhatarpur,BIJAWAR,1092.7,2019,9013.74,22126.14,40.73796876,Safe
794,India,Madhya Pradesh,Chhatarpur,BIJAWAR,1092.7,2020,9013.74,22126.14,40.73796876,Safe
795,India,Madhya Pradesh,Chhatarpur,BIJAWAR,1092.7,2021,9013.74,22126.14,40.73796876,Safe
796,India,Madhya Pradesh,Chhatarpur,BIJAWAR,1092.7,2022,9013.74,22126.14,40.73796876,Safe
797,India,Madhya Pradesh,Chhatarpur,BIJAWAR,1092.7,2023,9013.74,22126.14,40.73796876,Safe
798,India,Madhya Pradesh,Chhatarpur,BIJAWAR,1092.7,2024,9013.74,22126.14,40.73796876,Safe
799,India,Madhya Pradesh,Chhatarpur,BUXWAHA,1092.7,2019,5377.19,18489.59,29.08225656,Safe
800,India,Madhya Pradesh,Chhatarpur,BUXWAHA,1092.7,2020,5377.19,18489.59,29.08225656,Safe
801,India,Madhya Pradesh,Chhatarpur,BUXWAHA,1092.7,2021,5377.19,18489.59,29.08225656,Safe
802,India,Madhya Pradesh,Chhatarpur,BUXWAHA,1092.7,2022,5377.19,18489.59,29.08225656,Safe
803,India,Madhya Pradesh,Chhatarpur,BUXWAHA,1092.7,2023,5377.19,18489.59,29.08225656,Safe
804,India,Madhya Pradesh,Chhatarpur,BUXWAHA,1092.7,2024,5377.19,18489.59,29.08225656,Safe
805,India,Madhya Pradesh,Chhatarpur,CHHATARPUR,1092.7,2019,7802.22,20914.62,37.30510045,Safe
806,India,Madhya Pradesh,Chhatarpur,CHHATARPUR,1092.7,2020,7802.22,20914.62,37.30510045,Safe
807,India,Madhya Pradesh,Chhatarpur,CHHATARPUR,1092.7,2021,7802.22,20914.62,37.30510045,Safe
808,India,Madhya Pradesh,Chhatarpur,CHHATARPUR,1092.7,2022,7802.22,20914.62,37.30510045,Safe
809,India,Madhya Pradesh,Chhatarpur,CHHATARPUR,1092.7,2023,7802.22,20914.62,37.30510045,Safe
810,India,Madhya Pradesh,Chhatarpur,CHHATARPUR,1092.7,2024,7802.22,20914.62,37.30510045,Safe
811,India,Madhya Pradesh,Chhatarpur,GOURIHAR,1092.7,2019,2283.62,15396.02,14.83253464,Safe
812,India,Madhya Pradesh,Chhatarpur,GOURIHAR,1092.7,2020,2283.62,15396.02,14.83253464,Safe
813,India,Madhya Pradesh,Chhatarpur,GOURIHAR,1092.7,2021,2283.62,15396.02,14.83253464,Safe
814,India,Madhya Pradesh,Chhatarpur,GOURIHAR,1092.7,2022,2283.62,15396.02,14.83253464,Safe
815,India,Madhya Pradesh,Chhatarpur,GOURIHAR,1092.7,2023,2283.62,15396.02,14.83253464,Safe
816,India,Madhya Pradesh,Chhatarpur,GOURIHAR,1092.7,2024,2283.62,15396.02,14.83253464,Safe
817,India,Madhya Pradesh,Chhatarpur,LOUNDI,1092.7,2019,5234.8,18347.2,28.53187407,Safe
818,India,Madhya Pradesh,Chhatarpur,LOUNDI,1092.7,2020,5234.8,18347.2,28.53187407,Safe
819,India,Madhya Pradesh,Chhatarpur,LOUNDI,1092.7,2021,5234.8,18347.2,28.53187407,Safe
820,India,Madhya Pradesh,Chhatarpur,LOUNDI,1092.7,2022,5234.8,18347.2,28.53187407,Safe
821,India,Madhya Pradesh,Chhatarpur,LOUNDI,1092.7,2023,5234.8,18347.2,28.53187407,Safe
822,India,Madhya Pradesh,Chhatarpur,LOUNDI,1092.7,2024,5234.8,18347.2,28.53187407,Safe
823,India,Madhya Pradesh,Chhatarpur,NOWGAON,1092.7,2019,6992.94,20105.34,34.78150581,Safe
824,India,Madhya Pradesh,Chhatarpur,NOWGAON,1092.7,2020,6992.94,20105.34,34.78150581,Safe
825,India,Madhya Pradesh,Chhatarpur,NOWGAON,1092.7,2021,6992.94,20105.34,34.78150581,Safe
826,India,Madhya Pradesh,Chhatarpur,NOWGAON,1092.7,2022,6992.94,20105.34,34.78150581,Safe
827,India,Madhya Pradesh,Chhatarpur,NOWGAON,1092.7,2023,6992.94,20105.34,34.78150581,Safe
828,India,Madhya Pradesh,Chhatarpur,NOWGAON,1092.7,2024,6992.94,20105.34,34.78150581,Safe
829,India,Madhya Pradesh,Chhatarpur,RAJNAGAR,1092.7,2019,9752.92,22865.32,42.65376562,Safe
830,India,Madhya Pradesh,Chhatarpur,RAJNAGAR,1092.7,2020,9752.92,22865.32,42.65376562,Safe
831,India,Madhya Pradesh,Chhatarpur,RAJNAGAR,1092.7,2021,9752.92,22865.32,42.65376562,Safe
832,India,Madhya Pradesh,Chhatarpur,RAJNAGAR,1092.7,2022,9752.92,22865.32,42.65376562,Safe
833,India,Madhya Pradesh,Chhatarpur,RAJNAGAR,1092.7,2023,9752.92,22865.32,42.65376562,Safe
834,India,Madhya Pradesh,Chhatarpur,RAJNAGAR,1092.7,2024,9752.92,22865.32,42.65376562,Safe
835,India,Madhya Pradesh,Damoh,BATIYAGARH,1176,2019,4386.12,18498.12,23.71116632,Safe
836,India,Madhya Pradesh,Damoh,BATIYAGARH,1176,2020,4386.12,18498.12,23.71116632,Safe
837,India,Madhya Pradesh,Damoh,BATIYAGARH,1176,2021,4386.12,18498.12,23.71116632,Safe
838,India,Madhya Pradesh,Damoh,BATIYAGARH,1176,2022,4386.12,18498.12,23.71116632,Safe
839,India,Madhya Pradesh,Damoh,BATIYAGARH,1176,2023,4386.12,18498.12,23.71116632,Safe
840,India,Madhya Pradesh,Damoh,BATIYAGARH,1176,2024,4386.12,18498.12,23.71116632,Safe
841,India,Madhya Pradesh,Damoh,DAMOH,1176,2019,4137.47,18249.47,22.6717269,Safe
842,India,Madhya Pradesh,Damoh,DAMOH,1176,2020,4137.47,18249.47,22.6717269,Safe
843,India,Madhya Pradesh,Damoh,DAMOH,1176,2021,4137.47,18249.47,22.6717269,Safe
844,India,Madhya Pradesh,Damoh,DAMOH,1176,2022,4137.47,18249.47,22.6717269,Safe
845,India,Madhya Pradesh,Damoh,DAMOH,1176,2023,4137.47,18249.47,22.6717269,Safe
846,India,Madhya Pradesh,Damoh,DAMOH,1176,2024,4137.47,18249.47,22.6717269,Safe
847,India,Madhya Pradesh,Damoh,HATTA,1176,2019,2163.05,16275.05,13.29058897,Safe
848,India,Madhya Pradesh,Damoh,HATTA,1176,2020,2163.05,16275.05,13.29058897,Safe
849,India,Madhya Pradesh,Damoh,HATTA,1176,2021,2163.05,16275.05,13.29058897,Safe
850,India,Madhya Pradesh,Damoh,HATTA,1176,2022,2163.05,16275.05,13.29058897,Safe
851,India,Madhya Pradesh,Damoh,HATTA,1176,2023,2163.05,16275.05,13.29058897,Safe
852,India,Madhya Pradesh,Damoh,HATTA,1176,2024,2163.05,16275.05,13.29058897,Safe
853,India,Madhya Pradesh,Damoh,JABERA,1176,2019,2837.47,16949.47,16.74075945,Safe
854,India,Madhya Pradesh,Damoh,JABERA,1176,2020,2837.47,16949.47,16.74075945,Safe
855,India,Madhya Pradesh,Damoh,JABERA,1176,2021,2837.47,16949.47,16.74075945,Safe
856,India,Madhya Pradesh,Damoh,JABERA,1176,2022,2837.47,16949.47,16.74075945,Safe
857,India,Madhya Pradesh,Damoh,JABERA,1176,2023,2837.47,16949.47,16.74075945,Safe
858,India,Madhya Pradesh,Damoh,JABERA,1176,2024,2837.47,16949.47,16.74075945,Safe
859,India,Madhya Pradesh,Damoh,PATERA,1176,2019,2676.28,16788.28,15.94135909,Safe
860,India,Madhya Pradesh,Damoh,PATERA,1176,2020,2676.28,16788.28,15.94135909,Safe
861,India,Madhya Pradesh,Damoh,PATERA,1176,2021,2676.28,16788.28,15.94135909,Safe
862,India,Madhya Pradesh,Damoh,PATERA,1176,2022,2676.28,16788.28,15.94135909,Safe
863,India,Madhya Pradesh,Damoh,PATERA,1176,2023,2676.28,16788.28,15.94135909,Safe
864,India,Madhya Pradesh,Damoh,PATERA,1176,2024,2676.28,16788.28,15.94135909,Safe
865,India,Madhya Pradesh,Damoh,PATHERIYA,1176,2019,4427.53,18539.53,23.8815655,Safe
866,India,Madhya Pradesh,Damoh,PATHERIYA,1176,2020,4427.53,18539.53,23.8815655,Safe
867,India,Madhya Pradesh,Damoh,PATHERIYA,1176,2021,4427.53,18539.53,23.8815655,Safe
868,India,Madhya Pradesh,Damoh,PATHERIYA,1176,2022,4427.53,18539.53,23.8815655,Safe
869,India,Madhya Pradesh,Damoh,PATHERIYA,1176,2023,4427.53,18539.53,23.8815655,Safe
870,India,Madhya Pradesh,Damoh,PATHERIYA,1176,2024,4427.53,18539.53,23.8815655,Safe
871,India,Madhya Pradesh,Damoh,TENDUKHERA,1176,2019,1803.95,15915.95,11.33422761,Safe
872,India,Madhya Pradesh,Damoh,TENDUKHERA,1176,2020,1803.95,15915.95,11.33422761,Safe
873,India,Madhya Pradesh,Damoh,TENDUKHERA,1176,2021,1803.95,15915.95,11.33422761,Safe
874,India,Madhya Pradesh,Damoh,TENDUKHERA,1176,2022,1803.95,15915.95,11.33422761,Safe
875,India,Madhya Pradesh,Damoh,TENDUKHERA,1176,2023,1803.95,15915.95,11.33422761,Safe
876,India,Madhya Pradesh,Damoh,TENDUKHERA,1176,2024,1803.95,15915.95,11.33422761,Safe
877,India,Madhya Pradesh,Panna,AJAYGARH,1183,2019,6508.99,20704.99,31.43681789,Safe
878,India,Madhya Pradesh,Panna,AJAYGARH,1183,2020,6508.99,20704.99,31.43681789,Safe
879,India,Madhya Pradesh,Panna,AJAYGARH,1183,2021,6508.99,20704.99,31.43681789,Safe
880,India,Madhya Pradesh,Panna,AJAYGARH,1183,2022,6508.99,20704.99,31.43681789,Safe
881,India,Madhya Pradesh,Panna,AJAYGARH,1183,2023,6508.99,20704.99,31.43681789,Safe
882,India,Madhya Pradesh,Panna,AJAYGARH,1183,2024,6508.99,20704.99,31.43681789,Safe
883,India,Madhya Pradesh,Panna,GONOUR,1183,2019,2234.49,16430.49,13.59965528,Safe
884,India,Madhya Pradesh,Panna,GONOUR,1183,2020,2234.49,16430.49,13.59965528,Safe
885,India,Madhya Pradesh,Panna,GONOUR,1183,2021,2234.49,16430.49,13.59965528,Safe
886,India,Madhya Pradesh,Panna,GONOUR,1183,2022,2234.49,16430.49,13.59965528,Safe
887,India,Madhya Pradesh,Panna,GONOUR,1183,2023,2234.49,16430.49,13.59965528,Safe
888,India,Madhya Pradesh,Panna,GONOUR,1183,2024,2234.49,16430.49,13.59965528,Safe
889,India,Madhya Pradesh,Panna,PANNA,1183,2019,3458.73,17654.73,19.59095381,Safe
890,India,Madhya Pradesh,Panna,PANNA,1183,2020,3458.73,17654.73,19.59095381,Safe
891,India,Madhya Pradesh,Panna,PANNA,1183,2021,3458.73,17654.73,19.59095381,Safe
892,India,Madhya Pradesh,Panna,PANNA,1183,2022,3458.73,17654.73,19.59095381,Safe
893,India,Madhya Pradesh,Panna,PANNA,1183,2023,3458.73,17654.73,19.59095381,Safe
894,India,Madhya Pradesh,Panna,PANNA,1183,2024,3458.73,17654.73,19.59095381,Safe
895,India,Madhya Pradesh,Panna,PAWAI,1182.99,2019,3398,17593.88,19.31353402,Safe
896,India,Madhya Pradesh,Panna,PAWAI,1182.99,2020,3398,17593.88,19.31353402,Safe
897,India,Madhya Pradesh,Panna,PAWAI,1182.99,2021,3398,17593.88,19.31353402,Safe
898,India,Madhya Pradesh,Panna,PAWAI,1182.99,2022,3398,17593.88,19.31353402,Safe
899,India,Madhya Pradesh,Panna,PAWAI,1182.99,2023,3398,17593.88,19.31353402,Safe
900,India,Madhya Pradesh,Panna,PAWAI,1182.99,2024,3398,17593.88,19.31353402,Safe
901,India,Madhya Pradesh,Panna,SHAHNAGAR,1182.99,2019,2207.87,16403.75,13.45954431,Safe
902,India,Madhya Pradesh,Panna,SHAHNAGAR,1182.99,2020,2207.87,16403.75,13.45954431,Safe
903,India,Madhya Pradesh,Panna,SHAHNAGAR,1182.99,2021,2207.87,16403.75,13.45954431,Safe
904,India,Madhya Pradesh,Panna,SHAHNAGAR,1182.99,2022,2207.87,16403.75,13.45954431,Safe
905,India,Madhya Pradesh,Panna,SHAHNAGAR,1182.99,2023,2207.87,16403.75,13.45954431,Safe
906,India,Madhya Pradesh,Panna,SHAHNAGAR,1182.99,2024,2207.87,16403.75,13.45954431,Safe
907,India,Madhya Pradesh,Sagar,BANDA,1205,2019,5885.18,20345.18,28.92665486,Safe
908,India,Madhya Pradesh,Sagar,BANDA,1205,2020,5885.18,20345.18,28.92665486,Safe
909,India,Madhya Pradesh,Sagar,BANDA,1205,2021,5885.18,20345.18,28.92665486,Safe
910,India,Madhya Pradesh,Sagar,BANDA,1205,2022,5885.18,20345.18,28.92665486,Safe
911,India,Madhya Pradesh,Sagar,BANDA,1205,2023,5885.18,20345.18,28.92665486,Safe
912,India,Madhya Pradesh,Sagar,BANDA,1205,2024,5885.18,20345.18,28.92665486,Safe
913,India,Madhya Pradesh,Sagar,BINA,1205,2019,7721.3,22181.3,34.80995253,Safe
914,India,Madhya Pradesh,Sagar,BINA,1205,2020,7721.3,22181.3,34.80995253,Safe
915,India,Madhya Pradesh,Sagar,BINA,1205,2021,7721.3,22181.3,34.80995253,Safe
916,India,Madhya Pradesh,Sagar,BINA,1205,2022,7721.3,22181.3,34.80995253,Safe
917,India,Madhya Pradesh,Sagar,BINA,1205,2023,7721.3,22181.3,34.80995253,Safe
918,India,Madhya Pradesh,Sagar,BINA,1205,2024,7721.3,22181.3,34.80995253,Safe
919,India,Madhya Pradesh,Sagar,DEORI,1205,2019,5381.05,19841.05,27.1207925,Safe
920,India,Madhya Pradesh,Sagar,DEORI,1205,2020,5381.05,19841.05,27.1207925,Safe
921,India,Madhya Pradesh,Sagar,DEORI,1205,2021,5381.05,19841.05,27.1207925,Safe
922,India,Madhya Pradesh,Sagar,DEORI,1205,2022,5381.05,19841.05,27.1207925,Safe
923,India,Madhya Pradesh,Sagar,DEORI,1205,2023,5381.05,19841.05,27.1207925,Safe
924,India,Madhya Pradesh,Sagar,DEORI,1205,2024,5381.05,19841.05,27.1207925,Safe
925,India,Madhya Pradesh,Sagar,JAISINAGAR,1205,2019,6377.92,20837.92,30.6072775,Safe
926,India,Madhya Pradesh,Sagar,JAISINAGAR,1205,2020,6377.92,20837.92,30.6072775,Safe
927,India,Madhya Pradesh,Sagar,JAISINAGAR,1205,2021,6377.92,20837.92,30.6072775,Safe
928,India,Madhya Pradesh,Sagar,JAISINAGAR,1205,2022,6377.92,20837.92,30.6072775,Safe
929,India,Madhya Pradesh,Sagar,JAISINAGAR,1205,2023,6377.92,20837.92,30.6072775,Safe
930,India,Madhya Pradesh,Sagar,JAISINAGAR,1205,2024,6377.92,20837.92,30.6072775,Safe
931,India,Madhya Pradesh,Sagar,KESLI,1205,2019,6255.58,20715.58,30.1974649,Safe
932,India,Madhya Pradesh,Sagar,KESLI,1205,2020,6255.58,20715.58,30.1974649,Safe
933,India,Madhya Pradesh,Sagar,KESLI,1205,2021,6255.58,20715.58,30.1974649,Safe
934,India,Madhya Pradesh,Sagar,KESLI,1205,2022,6255.58,20715.58,30.1974649,Safe
935,India,Madhya Pradesh,Sagar,KESLI,1205,2023,6255.58,20715.58,30.1974649,Safe
936,India,Madhya Pradesh,Sagar,KESLI,1205,2024,6255.58,20715.58,30.1974649,Safe
937,India,Madhya Pradesh,Sagar,KHURAI,1205,2019,4907.65,19367.65,25.33941908,Safe
938,India,Madhya Pradesh,Sagar,KHURAI,1205,2020,4907.65,19367.65,25.33941908,Safe
939,India,Madhya Pradesh,Sagar,KHURAI,1205,2021,4907.65,19367.65,25.33941908,Safe
940,India,Madhya Pradesh,Sagar,KHURAI,1205,2022,4907.65,19367.65,25.33941908,Safe
941,India,Madhya Pradesh,Sagar,KHURAI,1205,2023,4907.65,19367.65,25.33941908,Safe
942,India,Madhya Pradesh,Sagar,KHURAI,1205,2024,4907.65,19367.65,25.33941908,Safe
943,India,Madhya Pradesh,Sagar,MALTHONE,1205,2019,3497.47,17957.47,19.47640731,Safe
944,India,Madhya Pradesh,Sagar,MALTHONE,1205,2020,3497.47,17957.47,19.47640731,Safe
945,India,Madhya Pradesh,Sagar,MALTHONE,1205,2021,3497.47,17957.47,19.47640731,Safe
946,India,Madhya Pradesh,Sagar,MALTHONE,1205,2022,3497.47,17957.47,19.47640731,Safe
947,India,Madhya Pradesh,Sagar,MALTHONE,1205,2023,3497.47,17957.47,19.47640731,Safe
948,India,Madhya Pradesh,Sagar,MALTHONE,1205,2024,3497.47,17957.47,19.47640731,Safe
949,India,Madhya Pradesh,Sagar,RAHATGARH,1205,2019,5488.36,19948.36,27.51283815,Safe
950,India,Madhya Pradesh,Sagar,RAHATGARH,1205,2020,5488.36,19948.36,27.51283815,Safe
951,India,Madhya Pradesh,Sagar,RAHATGARH,1205,2021,5488.36,19948.36,27.51283815,Safe
952,India,Madhya Pradesh,Sagar,RAHATGARH,1205,2022,5488.36,19948.36,27.51283815,Safe
953,India,Madhya Pradesh,Sagar,RAHATGARH,1205,2023,5488.36,19948.36,27.51283815,Safe
954,India,Madhya Pradesh,Sagar,RAHATGARH,1205,2024,5488.36,19948.36,27.51283815,Safe
955,India,Madhya Pradesh,Sagar,REHLI,1205,2019,3918.53,18378.53,21.32123734,Safe
956,India,Madhya Pradesh,Sagar,REHLI,1205,2020,3918.53,18378.53,21.32123734,Safe
957,India,Madhya Pradesh,Sagar,REHLI,1205,2021,3918.53,18378.53,21.32123734,Safe
958,India,Madhya Pradesh,Sagar,REHLI,1205,2022,3918.53,18378.53,21.32123734,Safe
959,India,Madhya Pradesh,Sagar,REHLI,1205,2023,3918.53,18378.53,21.32123734,Safe
960,India,Madhya Pradesh,Sagar,REHLI,1205,2024,3918.53,18378.53,21.32123734,Safe
961,India,Madhya Pradesh,Sagar,SAGAR,1205,2019,7699.88,22159.88,34.74693906,Safe
962,India,Madhya Pradesh,Sagar,SAGAR,1205,2020,7699.88,22159.88,34.74693906,Safe
963,India,Madhya Pradesh,Sagar,SAGAR,1205,2021,7699.88,22159.88,34.74693906,Safe
964,India,Madhya Pradesh,Sagar,SAGAR,1205,2022,7699.88,22159.88,34.74693906,Safe
965,India,Madhya Pradesh,Sagar,SAGAR,1205,2023,7699.88,22159.88,34.74693906,Safe
966,India,Madhya Pradesh,Sagar,SAGAR,1205,2024,7699.88,22159.88,34.74693906,Safe
967,India,Madhya Pradesh,Sagar,SHAHGARH,1205,2019,3099.71,17559.71,17.65239859,Safe
968,India,Madhya Pradesh,Sagar,SHAHGARH,1205,2020,3099.71,17559.71,17.65239859,Safe
969,India,Madhya Pradesh,Sagar,SHAHGARH,1205,2021,3099.71,17559.71,17.65239859,Safe
970,India,Madhya Pradesh,Sagar,SHAHGARH,1205,2022,3099.71,17559.71,17.65239859,Safe
971,India,Madhya Pradesh,Sagar,SHAHGARH,1205,2023,3099.71,17559.71,17.65239859,Safe
972,India,Madhya Pradesh,Sagar,SHAHGARH,1205,2024,3099.71,17559.71,17.65239859,Safe
973,India,Madhya Pradesh,Tikamgarh,BALDEOGARH,943.6,2019,6242.9,17566.1,35.53947661,Safe
974,India,Madhya Pradesh,Tikamgarh,BALDEOGARH,943.6,2020,6242.9,17566.1,35.53947661,Safe
975,India,Madhya Pradesh,Tikamgarh,BALDEOGARH,943.6,2021,6242.9,17566.1,35.53947661,Safe
976,India,Madhya Pradesh,Tikamgarh,BALDEOGARH,943.6,2022,6242.9,17566.1,35.53947661,Safe
977,India,Madhya Pradesh,Tikamgarh,BALDEOGARH,943.6,2023,6242.9,17566.1,35.53947661,Safe
978,India,Madhya Pradesh,Tikamgarh,BALDEOGARH,943.6,2024,6242.9,17566.1,35.53947661,Safe
979,India,Madhya Pradesh,Tikamgarh,JATARA,943.6,2019,9428.09,20751.29,45.43375376,Safe
980,India,Madhya Pradesh,Tikamgarh,JATARA,943.6,2020,9428.09,20751.29,45.43375376,Safe
981,India,Madhya Pradesh,Tikamgarh,JATARA,943.6,2021,9428.09,20751.29,45.43375376,Safe
982,India,Madhya Pradesh,Tikamgarh,JATARA,943.6,2022,9428.09,20751.29,45.43375376,Safe
983,India,Madhya Pradesh,Tikamgarh,JATARA,943.6,2023,9428.09,20751.29,45.43375376,Safe
984,India,Madhya Pradesh,Tikamgarh,JATARA,943.6,2024,9428.09,20751.29,45.43375376,Safe
985,India,Madhya Pradesh,Tikamgarh,NIWARI,943.6,2019,4784.99,16108.19,29.70532381,Safe
986,India,Madhya Pradesh,Tikamgarh,NIWARI,943.6,2020,4784.99,16108.19,29.70532381,Safe
987,India,Madhya Pradesh,Tikamgarh,NIWARI,943.6,2021,4784.99,16108.19,29.70532381,Safe
988,India,Madhya Pradesh,Tikamgarh,NIWARI,943.6,2022,4784.99,16108.19,29.70532381,Safe
989,India,Madhya Pradesh,Tikamgarh,NIWARI,943.6,2023,4784.99,16108.19,29.70532381,Safe
990,India,Madhya Pradesh,Tikamgarh,NIWARI,943.6,2024,4784.99,16108.19,29.70532381,Safe
991,India,Madhya Pradesh,Tikamgarh,PALERA,943.6,2019,6409.22,17732.42,36.1440796,Safe
992,India,Madhya Pradesh,Tikamgarh,PALERA,943.6,2020,6409.22,17732.42,36.1440796,Safe
993,India,Madhya Pradesh,Tikamgarh,PALERA,943.6,2021,6409.22,17732.42,36.1440796,Safe
994,India,Madhya Pradesh,Tikamgarh,PALERA,943.6,2022,6409.22,17732.42,36.1440796,Safe
995,India,Madhya Pradesh,Tikamgarh,PALERA,943.6,2023,6409.22,17732.42,36.1440796,Safe
996,India,Madhya Pradesh,Tikamgarh,PALERA,943.6,2024,6409.22,17732.42,36.1440796,Safe
997,India,Madhya Pradesh,Tikamgarh,PRATHIVIPUR,943.6,2019,5683.98,17007.18,33.42106099,Safe
998,India,Madhya Pradesh,Tikamgarh,PRATHIVIPUR,943.6,2020,5683.98,17007.18,33.42106099,Safe
999,India,Madhya Pradesh,Tikamgarh,PRATHIVIPUR,943.6,2021,5683.98,17007.18,33.42106099,Safe
1000,India,Madhya Pradesh,Tikamgarh,PRATHIVIPUR,943.6,2022,5683.98,17007.18,33.42106099,Safe
1001,India,Madhya Pradesh,Tikamgarh,PRATHIVIPUR,943.6,2023,5683.98,17007.18,33.42106099,Safe
1002,India,Madhya Pradesh,Tikamgarh,PRATHIVIPUR,943.6,2024,5683.98,17007.18,33.42106099,Safe
1003,India,Madhya Pradesh,Tikamgarh,TIKAMGARH,943.6,2019,7685.88,19009.08,40.43267744,Safe
1004,India,Madhya Pradesh,Tikamgarh,TIKAMGARH,943.6,2020,7685.88,19009.08,40.43267744,Safe
1005,India,Madhya Pradesh,Tikamgarh,TIKAMGARH,943.6,2021,7685.88,19009.08,40.43267744,Safe
1006,India,Madhya Pradesh,Tikamgarh,TIKAMGARH,943.6,2022,7685.88,19009.08,40.43267744,Safe
1007,India,Madhya Pradesh,Tikamgarh,TIKAMGARH,943.6,2023,7685.88,19009.08,40.43267744,Safe
1008,India,Madhya Pradesh,Tikamgarh,TIKAMGARH,943.6,2024,7685.88,19009.08,40.43267744,Safe
1009,India,Maharashtra,Ahmednagar,AKOLA,593.46,2019,6644.19,13765.71,48.26623545,Safe
1010,India,Maharashtra,Ahmednagar,AKOLA,593.46,2020,6644.19,13765.71,48.26623545,Safe
1011,India,Maharashtra,Ahmednagar,AKOLA,593.46,2021,6644.19,13765.71,48.26623545,Safe
1012,India,Maharashtra,Ahmednagar,AKOLA,593.46,2022,6644.19,13765.71,48.26623545,Safe
1013,India,Maharashtra,Ahmednagar,AKOLA,593.46,2023,6644.19,13765.71,48.26623545,Safe
1014,India,Maharashtra,Ahmednagar,AKOLA,593.46,2024,6644.19,13765.71,48.26623545,Safe
1015,India,Maharashtra,Ahmednagar,JAMKHED,652,2019,3877.95,11701.95,33.13934857,Safe
1016,India,Maharashtra,Ahmednagar,JAMKHED,652,2020,3877.95,11701.95,33.13934857,Safe
1017,India,Maharashtra,Ahmednagar,JAMKHED,652,2021,3877.95,11701.95,33.13934857,Safe
1018,India,Maharashtra,Ahmednagar,JAMKHED,652,2022,3877.95,11701.95,33.13934857,Safe
1019,India,Maharashtra,Ahmednagar,JAMKHED,652,2023,3877.95,11701.95,33.13934857,Safe
1020,India,Maharashtra,Ahmednagar,JAMKHED,652,2024,3877.95,11701.95,33.13934857,Safe
1021,India,Maharashtra,Ahmednagar,KARJAT,555.53,2019,7418.66,14085.02,52.67056774,Safe
1022,India,Maharashtra,Ahmednagar,KARJAT,555.53,2020,7418.66,14085.02,52.67056774,Safe
1023,India,Maharashtra,Ahmednagar,KARJAT,555.53,2021,7418.66,14085.02,52.67056774,Safe
1024,India,Maharashtra,Ahmednagar,KARJAT,555.53,2022,7418.66,14085.02,52.67056774,Safe
1025,India,Maharashtra,Ahmednagar,KARJAT,555.53,2023,7418.66,14085.02,52.67056774,Safe
1026,India,Maharashtra,Ahmednagar,KARJAT,555.53,2024,7418.66,14085.02,52.67056774,Safe
1027,India,Maharashtra,Ahmednagar,KOPARGAON,512,2019,7193.18,13337.18,53.93329025,Safe
1028,India,Maharashtra,Ahmednagar,KOPARGAON,512,2020,7193.18,13337.18,53.93329025,Safe
1029,India,Maharashtra,Ahmednagar,KOPARGAON,512,2021,7193.18,13337.18,53.93329025,Safe
1030,India,Maharashtra,Ahmednagar,KOPARGAON,512,2022,7193.18,13337.18,53.93329025,Safe
1031,India,Maharashtra,Ahmednagar,KOPARGAON,512,2023,7193.18,13337.18,53.93329025,Safe
1032,India,Maharashtra,Ahmednagar,KOPARGAON,512,2024,7193.18,13337.18,53.93329025,Safe
1033,India,Maharashtra,Ahmednagar,NAGAR,616.65,2019,8005.09,15404.89,51.96460345,Safe
1034,India,Maharashtra,Ahmednagar,NAGAR,616.65,2020,8005.09,15404.89,51.96460345,Safe
1035,India,Maharashtra,Ahmednagar,NAGAR,616.65,2021,8005.09,15404.89,51.96460345,Safe
1036,India,Maharashtra,Ahmednagar,NAGAR,616.65,2022,8005.09,15404.89,51.96460345,Safe
1037,India,Maharashtra,Ahmednagar,NAGAR,616.65,2023,8005.09,15404.89,51.96460345,Safe
1038,India,Maharashtra,Ahmednagar,NAGAR,616.65,2024,8005.09,15404.89,51.96460345,Safe
1039,India,Maharashtra,Ahmednagar,NEWASA,589.15,2019,14570.21,21640.01,67.32995964,Safe
1040,India,Maharashtra,Ahmednagar,NEWASA,589.15,2020,14570.21,21640.01,67.32995964,Safe
1041,India,Maharashtra,Ahmednagar,NEWASA,589.15,2021,14570.21,21640.01,67.32995964,Safe
1042,India,Maharashtra,Ahmednagar,NEWASA,589.15,2022,14570.21,21640.01,67.32995964,Safe
1043,India,Maharashtra,Ahmednagar,NEWASA,589.15,2023,14570.21,21640.01,67.32995964,Safe
1044,India,Maharashtra,Ahmednagar,NEWASA,589.15,2024,14570.21,21640.01,67.32995964,Safe
1045,India,Maharashtra,Ahmednagar,PARNER,574.68,2019,6625.37,13521.53,48.99867101,Safe
1046,India,Maharashtra,Ahmednagar,PARNER,574.68,2020,6625.37,13521.53,48.99867101,Safe
1047,India,Maharashtra,Ahmednagar,PARNER,574.68,2021,6625.37,13521.53,48.99867101,Safe
1048,India,Maharashtra,Ahmednagar,PARNER,574.68,2022,6625.37,13521.53,48.99867101,Safe
1049,India,Maharashtra,Ahmednagar,PARNER,574.68,2023,6625.37,13521.53,48.99867101,Safe
1050,India,Maharashtra,Ahmednagar,PARNER,574.68,2024,6625.37,13521.53,48.99867101,Safe
1051,India,Maharashtra,Ahmednagar,PATHARDI,662.48,2019,9098.37,17048.13,53.36872724,Safe
1052,India,Maharashtra,Ahmednagar,PATHARDI,662.48,2020,9098.37,17048.13,53.36872724,Safe
1053,India,Maharashtra,Ahmednagar,PATHARDI,662.48,2021,9098.37,17048.13,53.36872724,Safe
1054,India,Maharashtra,Ahmednagar,PATHARDI,662.48,2022,9098.37,17048.13,53.36872724,Safe
1055,India,Maharashtra,Ahmednagar,PATHARDI,662.48,2023,9098.37,17048.13,53.36872724,Safe
1056,India,Maharashtra,Ahmednagar,PATHARDI,662.48,2024,9098.37,17048.13,53.36872724,Safe
1057,India,Maharashtra,Ahmednagar,RAHURI,522.71,2019,12169.98,18442.5,65.98877593,Safe
1058,India,Maharashtra,Ahmednagar,RAHURI,522.71,2020,12169.98,18442.5,65.98877593,Safe
1059,India,Maharashtra,Ahmednagar,RAHURI,522.71,2021,12169.98,18442.5,65.98877593,Safe
1060,India,Maharashtra,Ahmednagar,RAHURI,522.71,2022,12169.98,18442.5,65.98877593,Safe
1061,India,Maharashtra,Ahmednagar,RAHURI,522.71,2023,12169.98,18442.5,65.98877593,Safe
1062,India,Maharashtra,Ahmednagar,RAHURI,522.71,2024,12169.98,18442.5,65.98877593,Safe
1063,India,Maharashtra,Amravati,ACHLAPUR,985.87,2019,7678.12,19508.56,39.35769734,Safe
1064,India,Maharashtra,Amravati,ACHLAPUR,985.87,2020,7678.12,19508.56,39.35769734,Safe
1065,India,Maharashtra,Amravati,ACHLAPUR,985.87,2021,7678.12,19508.56,39.35769734,Safe
1066,India,Maharashtra,Amravati,ACHLAPUR,985.87,2022,7678.12,19508.56,39.35769734,Safe
1067,India,Maharashtra,Amravati,ACHLAPUR,985.87,2023,7678.12,19508.56,39.35769734,Safe
1068,India,Maharashtra,Amravati,ACHLAPUR,985.87,2024,7678.12,19508.56,39.35769734,Safe
1069,India,Maharashtra,Amravati,AMRAVATI,840.24,2019,5796.14,15879.02,36.5018748,Safe
1070,India,Maharashtra,Amravati,AMRAVATI,840.24,2020,5796.14,15879.02,36.5018748,Safe
1071,India,Maharashtra,Amravati,AMRAVATI,840.24,2021,5796.14,15879.02,36.5018748,Safe
1072,India,Maharashtra,Amravati,AMRAVATI,840.24,2022,5796.14,15879.02,36.5018748,Safe
1073,India,Maharashtra,Amravati,AMRAVATI,840.24,2023,5796.14,15879.02,36.5018748,Safe
1074,India,Maharashtra,Amravati,AMRAVATI,840.24,2024,5796.14,15879.02,36.5018748,Safe
1075,India,Maharashtra,Amravati,ANJANGAON SURJI,740.83,2019,3128.07,12018.03,26.02814272,Safe
1076,India,Maharashtra,Amravati,ANJANGAON SURJI,740.83,2020,3128.07,12018.03,26.02814272,Safe
1077,India,Maharashtra,Amravati,ANJANGAON SURJI,740.83,2021,3128.07,12018.03,26.02814272,Safe
1078,India,Maharashtra,Amravati,ANJANGAON SURJI,740.83,2022,3128.07,12018.03,26.02814272,Safe
1079,India,Maharashtra,Amravati,ANJANGAON SURJI,740.83,2023,3128.07,12018.03,26.02814272,Safe
1080,India,Maharashtra,Amravati,ANJANGAON SURJI,740.83,2024,3128.07,12018.03,26.02814272,Safe
1081,India,Maharashtra,Amravati,BHATKULI,743.59,2019,210.92,9134,2.309174513,Safe
1082,India,Maharashtra,Amravati,BHATKULI,743.59,2020,210.92,9134,2.309174513,Safe
1083,India,Maharashtra,Amravati,BHATKULI,743.59,2021,210.92,9134,2.309174513,Safe
1084,India,Maharashtra,Amravati,BHATKULI,743.59,2022,210.92,9134,2.309174513,Safe
1085,India,Maharashtra,Amravati,BHATKULI,743.59,2023,210.92,9134,2.309174513,Safe
1086,India,Maharashtra,Amravati,BHATKULI,743.59,2024,210.92,9134,2.309174513,Safe
1087,India,Maharashtra,Amravati,CHANDUR BAZAR,774.11,2019,9298.71,18588.03,50.02525819,Safe
1088,India,Maharashtra,Amravati,CHANDUR BAZAR,774.11,2020,9298.71,18588.03,50.02525819,Safe
1089,India,Maharashtra,Amravati,CHANDUR BAZAR,774.11,2021,9298.71,18588.03,50.02525819,Safe
1090,India,Maharashtra,Amravati,CHANDUR BAZAR,774.11,2022,9298.71,18588.03,50.02525819,Safe
1091,India,Maharashtra,Amravati,CHANDUR BAZAR,774.11,2023,9298.71,18588.03,50.02525819,Safe
1092,India,Maharashtra,Amravati,CHANDUR BAZAR,774.11,2024,9298.71,18588.03,50.02525819,Safe
1093,India,Maharashtra,Amravati,CHANDUR RAILWAY,831.74,2019,3335.33,13316.21,25.04714179,Safe
1094,India,Maharashtra,Amravati,CHANDUR RAILWAY,831.74,2020,3335.33,13316.21,25.04714179,Safe
1095,India,Maharashtra,Amravati,CHANDUR RAILWAY,831.74,2021,3335.33,13316.21,25.04714179,Safe
1096,India,Maharashtra,Amravati,CHANDUR RAILWAY,831.74,2022,3335.33,13316.21,25.04714179,Safe
1097,India,Maharashtra,Amravati,CHANDUR RAILWAY,831.74,2023,3335.33,13316.21,25.04714179,Safe
1098,India,Maharashtra,Amravati,CHANDUR RAILWAY,831.74,2024,3335.33,13316.21,25.04714179,Safe
1099,India,Maharashtra,Amravati,CHIKHALDARA,1353.35,2019,1931.41,18171.61,10.6287225,Safe
1100,India,Maharashtra,Amravati,CHIKHALDARA,1353.35,2020,1931.41,18171.61,10.6287225,Safe
1101,India,Maharashtra,Amravati,CHIKHALDARA,1353.35,2021,1931.41,18171.61,10.6287225,Safe
1102,India,Maharashtra,Amravati,CHIKHALDARA,1353.35,2022,1931.41,18171.61,10.6287225,Safe
1103,India,Maharashtra,Amravati,CHIKHALDARA,1353.35,2023,1931.41,18171.61,10.6287225,Safe
1104,India,Maharashtra,Amravati,CHIKHALDARA,1353.35,2024,1931.41,18171.61,10.6287225,Safe
1105,India,Maharashtra,Buldhana,BULDHANA,790.95,2019,6406.27,15897.67,40.29691143,Safe
1106,India,Maharashtra,Buldhana,BULDHANA,790.95,2020,6406.27,15897.67,40.29691143,Safe
1107,India,Maharashtra,Buldhana,BULDHANA,790.95,2021,6406.27,15897.67,40.29691143,Safe
1108,India,Maharashtra,Buldhana,BULDHANA,790.95,2022,6406.27,15897.67,40.29691143,Safe
1109,India,Maharashtra,Buldhana,BULDHANA,790.95,2023,6406.27,15897.67,40.29691143,Safe
1110,India,Maharashtra,Buldhana,BULDHANA,790.95,2024,6406.27,15897.67,40.29691143,Safe
1111,India,Maharashtra,Buldhana,CHIKHALI,794.02,2019,8444.9,17973.14,46.986225,Safe
1112,India,Maharashtra,Buldhana,CHIKHALI,794.02,2020,8444.9,17973.14,46.986225,Safe
1113,India,Maharashtra,Buldhana,CHIKHALI,794.02,2021,8444.9,17973.14,46.986225,Safe
1114,India,Maharashtra,Buldhana,CHIKHALI,794.02,2022,8444.9,17973.14,46.986225,Safe
1115,India,Maharashtra,Buldhana,CHIKHALI,794.02,2023,8444.9,17973.14,46.986225,Safe
1116,India,Maharashtra,Buldhana,CHIKHALI,794.02,2024,8444.9,17973.14,46.986225,Safe
1117,India,Maharashtra,Buldhana,DEULGAON RAJA,782.06,2019,4354.56,13739.28,31.69423725,Safe
1118,India,Maharashtra,Buldhana,DEULGAON RAJA,782.06,2020,4354.56,13739.28,31.69423725,Safe
1119,India,Maharashtra,Buldhana,DEULGAON RAJA,782.06,2021,4354.56,13739.28,31.69423725,Safe
1120,India,Maharashtra,Buldhana,DEULGAON RAJA,782.06,2022,4354.56,13739.28,31.69423725,Safe
1121,India,Maharashtra,Buldhana,DEULGAON RAJA,782.06,2023,4354.56,13739.28,31.69423725,Safe
1122,India,Maharashtra,Buldhana,DEULGAON RAJA,782.06,2024,4354.56,13739.28,31.69423725,Safe
1123,India,Maharashtra,Buldhana,JALGAON,682.83,2019,6077.92,14271.88,42.58668094,Safe
1124,India,Maharashtra,Buldhana,JALGAON,682.83,2020,6077.92,14271.88,42.58668094,Safe
1125,India,Maharashtra,Buldhana,JALGAON,682.83,2021,6077.92,14271.88,42.58668094,Safe
1126,India,Maharashtra,Buldhana,JALGAON,682.83,2022,6077.92,14271.88,42.58668094,Safe
1127,India,Maharashtra,Buldhana,JALGAON,682.83,2023,6077.92,14271.88,42.58668094,Safe
1128,India,Maharashtra,Buldhana,JALGAON,682.83,2024,6077.92,14271.88,42.58668094,Safe
1129,India,Maharashtra,Buldhana,KHAMGAON,722.18,2019,7015.68,15681.84,44.73760732,Safe
1130,India,Maharashtra,Buldhana,KHAMGAON,722.18,2020,7015.68,15681.84,44.73760732,Safe
1131,India,Maharashtra,Buldhana,KHAMGAON,722.18,2021,7015.68,15681.84,44.73760732,Safe
1132,India,Maharashtra,Buldhana,KHAMGAON,722.18,2022,7015.68,15681.84,44.73760732,Safe
1133,India,Maharashtra,Buldhana,KHAMGAON,722.18,2023,7015.68,15681.84,44.73760732,Safe
1134,India,Maharashtra,Buldhana,KHAMGAON,722.18,2024,7015.68,15681.84,44.73760732,Safe
1135,India,Maharashtra,Buldhana,LONAR,810.1,2019,4819.19,14540.39,33.14347139,Safe
1136,India,Maharashtra,Buldhana,LONAR,810.1,2020,4819.19,14540.39,33.14347139,Safe
1137,India,Maharashtra,Buldhana,LONAR,810.1,2021,4819.19,14540.39,33.14347139,Safe
1138,India,Maharashtra,Buldhana,LONAR,810.1,2022,4819.19,14540.39,33.14347139,Safe
1139,India,Maharashtra,Buldhana,LONAR,810.1,2023,4819.19,14540.39,33.14347139,Safe
1140,India,Maharashtra,Buldhana,LONAR,810.1,2024,4819.19,14540.39,33.14347139,Safe
1141,India,Maharashtra,Buldhana,MALAKAPUR,740.63,2019,3655.27,12542.83,29.1423068,Safe
1142,India,Maharashtra,Buldhana,MALAKAPUR,740.63,2020,3655.27,12542.83,29.1423068,Safe
1143,India,Maharashtra,Buldhana,MALAKAPUR,740.63,2021,3655.27,12542.83,29.1423068,Safe
1144,India,Maharashtra,Buldhana,MALAKAPUR,740.63,2022,3655.27,12542.83,29.1423068,Safe
1145,India,Maharashtra,Buldhana,MALAKAPUR,740.63,2023,3655.27,12542.83,29.1423068,Safe
1146,India,Maharashtra,Buldhana,MALAKAPUR,740.63,2024,3655.27,12542.83,29.1423068,Safe
1147,India,Maharashtra,Buldhana,MEHKAR,824.34,2019,6680.13,16572.21,40.30922852,Safe
1148,India,Maharashtra,Buldhana,MEHKAR,824.34,2020,6680.13,16572.21,40.30922852,Safe
1149,India,Maharashtra,Buldhana,MEHKAR,824.34,2021,6680.13,16572.21,40.30922852,Safe
1150,India,Maharashtra,Buldhana,MEHKAR,824.34,2022,6680.13,16572.21,40.30922852,Safe
1151,India,Maharashtra,Buldhana,MEHKAR,824.34,2023,6680.13,16572.21,40.30922852,Safe
1152,India,Maharashtra,Buldhana,MEHKAR,824.34,2024,6680.13,16572.21,40.30922852,Safe
